"","item_ID","tag_final"
"1",1,"negative affect"
"2",2,"positive affect"
"3",3,"psychosis;symptom"
"4",4,"negative affect"
"5",5,"negative affect;stress"
"6",6,"negative affect"
"7",7,"positive affect"
"8",8,"attention;cognition"
"9",9,"self-esteem"
"10",10,"identity"
"11",11,"identity"
"12",12,"identity"
"13",13,"social context"
"14",14,"appraisal"
"15",15,"appraisal"
"16",16,"appraisal"
"17",17,"appraisal"
"18",18,"social interaction"
"19",19,"appraisal;social support"
"20",20,"appraisal;social support"
"21",21,"appraisal;social support"
"22",22,"appraisal"
"23",23,"social context;social interaction"
"24",24,"appraisal;social interaction;activity"
"25",25,"appraisal;social support"
"26",26,"appraisal;social support"
"27",27,"appraisal;social support"
"28",28,"appraisal"
"29",29,"appraisal"
"30",30,"appraisal"
"31",31,"activity"
"32",32,"activity;appraisal"
"33",33,"appraisal;activity"
"34",34,"appraisal;activity"
"35",35,"appraisal;activity"
"36",36,"appraisal;activity"
"37",37,"location"
"38",38,"fatigue;physical health;negative affect"
"39",39,"physical health"
"40",40,"physical health"
"41",41,"physical health"
"42",42,"self-harm"
"43",43,"suicidality;self-harm"
"44",44,"self-harm"
"45",45,"substance use"
"46",46,"methodological"
"47",47,"pleasure"
"48",48,"pleasure"
"49",49,"positive affect"
"50",50,"negative affect"
"51",51,"negative affect"
"52",52,"positive affect"
"53",53,"negative affect"
"54",54,"negative affect"
"55",55,"negative affect;stress"
"56",56,"positive affect"
"57",57,"positive affect"
"58",58,"fatigue;negative affect"
"59",59,"physical health"
"60",60,"attention;cognition"
"61",61,"self-esteem"
"62",62,"rumination;worry"
"63",63,"appraisal"
"64",64,""
"65",65,"social context"
"66",66,"activity"
"67",67,"social interaction"
"68",68,"activity"
"69",69,"activity;event"
"70",70,"event;appraisal"
"71",71,"event;stress"
"72",72,"pleasure"
"73",73,"pleasure"
"74",74,""
"75",75,"sleep"
"76",76,"substance use"
"77",77,"substance use"
"78",78,"substance use"
"79",79,"substance use"
"80",80,"substance use"
"81",81,"methodological"
"82",82,"sleep"
"83",83,"positive affect"
"84",84,"negative affect"
"85",85,"anxiety;negative affect"
"86",86,"positive affect"
"87",87,"negative affect"
"88",88,"negative affect;stress"
"89",89,"positive affect"
"90",90,"self-esteem"
"91",91,"positive affect"
"92",92,"negative affect"
"93",93,"positive affect"
"94",94,"negative affect"
"95",95,"self-esteem"
"96",96,"positive affect"
"97",97,"rumination"
"98",98,"cognition"
"99",99,"activity"
"100",100,"activity;appraisal"
"101",101,"activity;appraisal"
"102",102,"activity;appraisal"
"103",103,"activity"
"104",104,"fatigue;negative affect"
"105",105,"physical health"
"106",106,"physical health"
"107",107,"location"
"108",108,"social context"
"109",109,"social context"
"110",110,"social interaction;activity"
"111",111,"appraisal"
"112",112,"appraisal"
"113",113,"appraisal;social support"
"114",114,"appraisal"
"115",115,"appraisal"
"116",116,"appraisal"
"117",117,"appraisal"
"118",118,"social interaction"
"119",119,"appraisal"
"120",120,"stress"
"121",121,"event;stress"
"122",122,"event;stress"
"123",123,"substance use"
"124",124,"methodological"
"125",125,"methodological"
"126",126,"positive affect;negative affect"
"127",127,"negative affect"
"128",128,"depression;negative affect"
"129",129,"anxiety;negative affect"
"130",130,"negative affect;stress"
"131",131,"positive affect"
"132",132,"positive affect"
"133",133,""
"134",134,"negative affect"
"135",135,"self-esteem"
"136",136,"social support"
"137",137,"self-harm"
"138",138,"self-harm"
"139",139,"emotion regulation;rumination"
"140",140,"emotion regulation"
"141",141,"appraisal"
"142",142,"appraisal"
"143",143,"appraisal;coping"
"144",144,"rumination"
"145",145,"attention;rumination"
"146",146,"rumination"
"147",147,"positive affect"
"148",148,"positive affect"
"149",149,"positive affect"
"150",150,"negative affect;stress"
"151",151,"negative affect"
"152",152,"anxiety;negative affect"
"153",153,"anxiety;negative affect"
"154",154,"negative affect"
"155",155,"negative affect"
"156",156,"stress;negative affect"
"157",157,"negative affect"
"158",158,"self-esteem"
"159",159,"appraisal"
"160",160,"stress"
"161",161,"physical health"
"162",162,"physical health"
"163",163,"fatigue;negative affect"
"164",164,"activity"
"165",165,"appraisal;activity"
"166",166,"activity;appraisal"
"167",167,"location"
"168",168,"social context"
"169",169,"appraisal"
"170",170,"appraisal"
"171",171,"appraisal"
"172",172,"appraisal"
"173",173,"appraisal"
"174",174,""
"175",175,"appraisal"
"176",176,"appraisal"
"177",177,"appraisal"
"178",178,"event;appraisal"
"179",179,"event"
"180",180,"event;appraisal"
"181",181,"event;stress"
"182",182,"event;stress"
"183",183,""
"184",184,"coping;rumination;emotion regulation"
"185",185,"coping;emotion regulation"
"186",186,"attention;cognition;coping;emotion regulation"
"187",187,"coping;emotion regulation"
"188",188,"coping;emotion regulation"
"189",189,"coping;emotion regulation"
"190",190,"coping;emotion regulation"
"191",191,"coping;rumination;emotion regulation"
"192",192,"coping;emotion regulation"
"193",193,"attention;cognition;coping;emotion regulation"
"194",194,"coping;emotion regulation"
"195",195,"coping;emotion regulation"
"196",196,"coping;emotion regulation"
"197",197,"coping;emotion regulation"
"198",198,"activity"
"199",199,"substance use"
"200",200,"methodological"
"201",201,"sleep"
"202",202,"sleep"
"203",203,"sleep"
"204",204,"sleep"
"205",205,"appraisal"
"206",206,"appraisal"
"207",207,"appraisal"
"208",208,"negative affect;stress"
"209",209,"depression;negative affect"
"210",210,"positive affect"
"211",211,"positive affect"
"212",212,"positive affect"
"213",213,"anxiety;negative affect"
"214",214,"negative affect"
"215",215,"symptom;appraisal"
"216",216,"symptom;appraisal"
"217",217,"symptom;appraisal"
"218",218,"symptom;self-harm"
"219",219,"depression;pleasure;symptom"
"220",220,"cognition;depression;symptom;attention"
"221",221,"depression;self-esteem;symptom"
"222",222,"depression;symptom"
"223",223,"avoidance;appraisal"
"224",224,"event"
"225",225,"event"
"226",226,"social context"
"227",227,"activity"
"228",228,"emotion regulation;rumination"
"229",229,"attention;emotion regulation"
"230",230,"emotion regulation"
"231",231,"emotion regulation"
"232",232,"arousal"
"233",233,"physical health"
"234",234,"physical health"
"235",235,"positive affect"
"236",236,"negative affect"
"237",237,"positive affect"
"238",238,"self-esteem"
"239",239,"anxiety;negative affect"
"240",240,"positive affect"
"241",241,"negative affect"
"242",242,"negative affect"
"243",243,"negative affect"
"244",244,"positive affect"
"245",245,"psychosis;symptom"
"246",246,"psychosis;symptom"
"247",247,"psychosis;symptom"
"248",248,"psychosis;symptom"
"249",249,"psychosis;symptom"
"250",250,"psychosis;symptom"
"251",251,"psychosis;symptom"
"252",252,"psychosis;symptom"
"253",253,"psychosis;symptom"
"254",254,"psychosis;symptom"
"255",255,""
"256",256,"attention;cognition"
"257",257,"self-esteem"
"258",258,"self-esteem"
"259",259,"self-esteem"
"260",260,""
"261",261,"event;appraisal"
"262",262,"event;appraisal"
"263",263,"activity"
"264",264,"activity;appraisal"
"265",265,"activity;appraisal"
"266",266,"activity;appraisal"
"267",267,"activity;appraisal"
"268",268,"appraisal;activity"
"269",269,"activity;appraisal"
"270",270,"appraisal;activity"
"271",271,"location"
"272",272,"social context"
"273",273,"social context"
"274",274,"appraisal"
"275",275,"appraisal"
"276",276,"social context"
"277",277,"appraisal"
"278",278,"appraisal"
"279",279,"social support"
"280",280,"appraisal"
"281",281,"social interaction"
"282",282,"appraisal"
"283",283,"appraisal;social support"
"284",284,"appraisal"
"285",285,"appraisal"
"286",286,"appraisal"
"287",287,"appraisal"
"288",288,"social support"
"289",289,"physical health"
"290",290,"fatigue;physical health;negative affect"
"291",291,"physical health"
"292",292,"activity"
"293",293,"substance use"
"294",294,"substance use"
"295",295,"methodological;emotion regulation"
"296",296,"avoidance;emotion regulation"
"297",297,"avoidance;emotion regulation"
"298",298,"attention;emotion regulation"
"299",299,"emotion regulation;negative affect"
"300",300,"avoidance;emotion regulation"
"301",301,"emotion regulation"
"302",302,"appraisal"
"303",303,"appraisal"
"304",304,"event"
"305",305,"event;location"
"306",306,"event;social context"
"307",307,"event;appraisal"
"308",308,"event;appraisal"
"309",309,"event;appraisal"
"310",310,"emotion regulation;event;appraisal"
"311",311,"emotion regulation;event;appraisal"
"312",312,"emotion regulation;appraisal"
"313",313,"emotion regulation;event;rumination"
"314",314,"emotion regulation;event"
"315",315,"emotion regulation;event"
"316",316,"emotion regulation;event"
"317",317,"avoidance;emotion regulation;event"
"318",318,"coping;emotion regulation;event"
"319",319,"event"
"320",320,"event;location"
"321",321,"event;social context"
"322",322,"event;appraisal"
"323",323,"event;appraisal"
"324",324,"event;appraisal"
"325",325,"emotion regulation;event;social support"
"326",326,"emotion regulation;social support;appraisal"
"327",327,"emotion regulation;appraisal"
"328",328,"emotion regulation;event;rumination"
"329",329,"emotion regulation;event"
"330",330,"positive affect"
"331",331,"appraisal"
"332",332,"social support"
"333",333,"rumination;emotion regulation"
"334",334,"attention;emotion regulation"
"335",335,"emotion regulation"
"336",336,"emotion regulation"
"337",337,"methodological"
"338",338,"methodological"
"339",339,"sleep"
"340",340,"sleep"
"341",341,"sleep"
"342",342,"sleep"
"343",343,"pleasure"
"344",344,"cognition;methodological"
"345",345,"cognition;methodological"
"346",346,"cognition;methodological"
"347",347,"cognition;methodological"
"348",348,"cognition;methodological"
"349",349,"cognition;methodological"
"350",350,"cognition;methodological"
"351",351,"cognition;methodological"
"352",352,"attention;cognition"
"353",353,"attention;cognition"
"354",354,"positive affect"
"355",355,"positive affect"
"356",356,"positive affect"
"357",357,"positive affect"
"358",358,"positive affect"
"359",359,"positive affect"
"360",360,"positive affect"
"361",361,"positive affect"
"362",362,"positive affect"
"363",363,"negative affect;stress"
"364",364,"anxiety;negative affect"
"365",365,"negative affect"
"366",366,"negative affect"
"367",367,"negative affect"
"368",368,"negative affect"
"369",369,"anxiety;negative affect;worry"
"370",370,"negative affect"
"371",371,"negative affect"
"372",372,"fatigue;negative affect"
"373",373,"emotion regulation"
"374",374,"methodological"
"375",375,"self-esteem"
"376",376,"body image;self-esteem"
"377",377,"negative affect;self-esteem"
"378",378,"attention;rumination"
"379",379,"attention;rumination;emotion regulation"
"380",380,"rumination"
"381",381,"attention;emotion regulation"
"382",382,"emotion regulation"
"383",383,"emotion regulation"
"384",384,"emotion regulation"
"385",385,"coping;emotion regulation"
"386",386,"worry"
"387",387,"physical health"
"388",388,"physical health"
"389",389,"activity"
"390",390,"activity"
"391",391,"appraisal;motivation;activity"
"392",392,"appraisal;activity"
"393",393,"appraisal;activity"
"394",394,"appraisal;activity"
"395",395,"location"
"396",396,"social context"
"397",397,"social context"
"398",398,"appraisal;social support"
"399",399,"appraisal"
"400",400,"appraisal"
"401",401,"appraisal"
"402",402,"social interaction;activity"
"403",403,"positive affect"
"404",404,"substance use"
"405",405,"appraisal;event"
"406",406,"stress;event"
"407",407,"stress;event"
"408",408,"methodological"
"409",409,"methodological"
"410",410,"methodological"
"411",411,"methodological"
"412",412,"methodological"
"413",413,"methodological"
"414",414,"methodological"
"415",415,"physical health;symptom"
"416",416,"physical health;symptom"
"417",417,"physical health;symptom"
"418",418,"symptom;physical health"
"419",419,"physical health;symptom"
"420",420,"symptom;physical health"
"421",421,"symptom;physical health"
"422",422,"symptom;physical health"
"423",423,"symptom;physical health"
"424",424,"symptom;physical health"
"425",425,"symptom;physical health"
"426",426,"anxiety;negative affect;worry;symptom"
"427",427,"anxiety;negative affect;worry;symptom;rumination"
"428",428,"anxiety;negative affect;worry;symptom"
"429",429,"symptom;anxiety"
"430",430,"symptom;anxiety"
"431",431,"symptom;anxiety"
"432",432,"event;symptom;anxiety"
"433",433,"pleasure;symptom;depression"
"434",434,"depression;negative affect;symptom"
"435",435,"sleep;symptom;depression"
"436",436,"arousal;fatigue;symptom;depression"
"437",437,"symptom;depression;physical health"
"438",438,"symptom;depression;self-esteem"
"439",439,"cognition;symptom;depression"
"440",440,"symptom;depression"
"441",441,"symptom;depression;self-harm"
"442",442,"appraisal"
"443",443,"event;appraisal"
"444",444,"event;appraisal"
"445",445,"event;appraisal"
"446",446,"event;appraisal"
"447",447,"positive affect"
"448",448,"negative affect"
"449",449,"anxiety;negative affect;worry"
"450",450,"positive affect"
"451",451,"negative affect"
"452",452,"negative affect"
"453",453,"arousal;positive affect"
"454",454,"negative affect"
"455",455,"self-esteem"
"456",456,"self-esteem"
"457",457,"psychosis"
"458",458,"psychosis"
"459",459,"psychosis"
"460",460,"fatigue;negative affect"
"461",461,"motivation"
"462",462,"activity"
"463",463,"activity"
"464",464,""
"465",465,"activity;appraisal"
"466",466,"activity;appraisal"
"467",467,"activity;attention;appraisal"
"468",468,"location"
"469",469,"social context"
"470",470,"appraisal"
"471",471,"appraisal"
"472",472,"appraisal"
"473",473,"social context"
"474",474,""
"475",475,""
"476",476,"appraisal"
"477",477,"appraisal"
"478",478,"social interaction;activity"
"479",479,"appraisal"
"480",480,"appraisal"
"481",481,"event"
"482",482,"event;appraisal"
"483",483,"event;appraisal"
"484",484,"event;stress;appraisal"
"485",485,"event;social context"
"486",486,"event"
"487",487,"event;appraisal"
"488",488,"event;appraisal"
"489",489,"event;social context"
"490",490,"sleep"
"491",491,"sleep"
"492",492,"activity"
"493",493,"methodological"
"494",494,"location"
"495",495,"social context"
"496",496,""
"497",497,"arousal"
"498",498,"positive affect"
"499",499,"positive affect"
"500",500,"negative affect"
"501",501,"positive affect"
"502",502,"negative affect"
"503",503,"negative affect"
"504",504,"negative affect"
"505",505,"positive affect"
"506",506,"positive affect"
"507",507,"anxiety;negative affect;worry"
"508",508,"negative affect"
"509",509,"positive affect"
"510",510,"negative affect"
"511",511,"event;pleasure"
"512",512,"fatigue;negative affect"
"513",513,"physical health"
"514",514,"self-esteem"
"515",515,"substance use"
"516",516,"substance use"
"517",517,"substance use"
"518",518,"activity"
"519",519,""
"520",520,""
"521",521,"social interaction"
"522",522,"social interaction;appraisal"
"523",523,"event;appraisal"
"524",524,"event;appraisal"
"525",525,"event;appraisal"
"526",526,"event;appraisal"
"527",527,"event;appraisal"
"528",528,"event;appraisal"
"529",529,"physical health"
"530",530,"substance use"
"531",531,"event"
"532",532,"event"
"533",533,"event;social support"
"534",534,"positive affect;negative affect"
"535",535,""
"536",536,"sleep"
"537",537,"positive affect"
"538",538,"negative affect"
"539",539,"negative affect"
"540",540,"positive affect"
"541",541,"positive affect"
"542",542,"negative affect"
"543",543,"positive affect"
"544",544,"anxiety;negative affect"
"545",545,"positive affect"
"546",546,"positive affect"
"547",547,"negative affect"
"548",548,"negative affect;stress"
"549",549,"attention"
"550",550,"fatigue;negative affect"
"551",551,""
"552",552,"physical health"
"553",553,"substance use"
"554",554,"pleasure"
"555",555,"motivation"
"556",556,"activity"
"557",557,""
"558",558,""
"559",559,"social context"
"560",560,"location"
"561",561,"activity"
"562",562,"attention;emotion regulation"
"563",563,"rumination"
"564",564,"event"
"565",565,"event;appraisal"
"566",566,""
"567",567,"event"
"568",568,"event;appraisal"
"569",569,""
"570",570,""
"571",571,"pleasure"
"572",572,"pleasure"
"573",573,"motivation"
"574",574,"motivation"
"575",575,"anxiety;worry"
"576",576,"anxiety;worry"
"577",577,"coping;emotion regulation"
"578",578,"motivation"
"579",579,"attention;emotion regulation"
"580",580,""
"581",581,"methodological"
"582",582,"appraisal"
"583",583,"appraisal"
"584",584,"appraisal"
"585",585,"appraisal"
"586",586,"positive affect;negative affect"
"587",587,"positive affect"
"588",588,"social interaction"
"589",589,"appraisal"
"590",590,"appraisal"
"591",591,"appraisal"
"592",592,"appraisal"
"593",593,"appraisal"
"594",594,"appraisal"
"595",595,"attention;cognition;location;appraisal"
"596",596,"attention;cognition;location;appraisal"
"597",597,"appraisal"
"598",598,"appraisal"
"599",599,"appraisal"
"600",600,"appraisal"
"601",601,"appraisal"
"602",602,"appraisal"
"603",603,"appraisal"
"604",604,"appraisal"
"605",605,"appraisal"
"606",606,"appraisal"
"607",607,"appraisal"
"608",608,"appraisal"
"609",609,"appraisal"
"610",610,"social interaction"
"611",611,"appraisal"
"612",612,"social interaction"
"613",613,"activity"
"614",614,"activity"
"615",615,"appraisal"
"616",616,"social context"
"617",617,"appraisal"
"618",618,"appraisal"
"619",619,"positive affect;appraisal"
"620",620,"event"
"621",621,"event"
"622",622,""
"623",623,""
"624",624,""
"625",625,""
"626",626,"stress"
"627",627,"stress"
"628",628,"activity"
"629",629,"activity"
"630",630,""
"631",631,""
"632",632,""
"633",633,""
"634",634,"avoidance"
"635",635,""
"636",636,""
"637",637,""
"638",638,""
"639",639,""
"640",640,""
"641",641,""
"642",642,"appraisal"
"643",643,"appraisal"
"644",644,"appraisal"
"645",645,"appraisal"
"646",646,"positive affect;appraisal"
"647",647,"positive affect;appraisal"
"648",648,"positive affect;appraisal"
"649",649,"positive affect;appraisal"
"650",650,""
"651",651,""
"652",652,""
"653",653,"appraisal"
"654",654,"appraisal"
"655",655,"appraisal"
"656",656,"location"
"657",657,"social context"
"658",658,"stress;methodological"
"659",659,"activity;cognition;attention"
"660",660,""
"661",661,""
"662",662,"methodological"
"663",663,"sleep"
"664",664,"sleep"
"665",665,"sleep"
"666",666,"event"
"667",667,"appraisal;event"
"668",668,"appraisal;event"
"669",669,"appraisal;event"
"670",670,"appraisal;event"
"671",671,"appraisal;event"
"672",672,"rumination"
"673",673,"coping"
"674",674,"psychosis"
"675",675,"social context"
"676",676,"social interaction"
"677",677,"activity"
"678",678,"social interaction;social context"
"679",679,"social context"
"680",680,"appraisal;social support"
"681",681,"appraisal;social support"
"682",682,"appraisal;social support"
"683",683,"social context"
"684",684,"appraisal"
"685",685,"appraisal"
"686",686,"appraisal"
"687",687,"event"
"688",688,"event;stress"
"689",689,"event;rumination"
"690",690,"event;coping"
"691",691,"event"
"692",692,"appraisal"
"693",693,"appraisal;event"
"694",694,"appraisal;event"
"695",695,"appraisal;event"
"696",696,"appraisal;event"
"697",697,"emotion regulation;event"
"698",698,"emotion regulation;event;rumination"
"699",699,"emotion regulation;event"
"700",700,"emotion regulation;event"
"701",701,"emotion regulation;attention;event"
"702",702,"emotion regulation;event"
"703",703,"emotion regulation;event"
"704",704,"emotion regulation;appraisal;event"
"705",705,"event"
"706",706,"appraisal;event"
"707",707,"appraisal;event"
"708",708,"appraisal;event"
"709",709,"emotion regulation;event"
"710",710,"emotion regulation;event;rumination"
"711",711,"emotion regulation;event"
"712",712,"emotion regulation;event"
"713",713,"emotion regulation;event"
"714",714,"positive affect"
"715",715,"negative affect"
"716",716,"anxiety;negative affect"
"717",717,"positive affect"
"718",718,"self-esteem"
"719",719,"negative affect"
"720",720,"positive affect"
"721",721,"psychosis"
"722",722,"negative affect"
"723",723,"negative affect;stress"
"724",724,"negative affect"
"725",725,"positive affect"
"726",726,"self-esteem"
"727",727,""
"728",728,"negative affect"
"729",729,"negative affect"
"730",730,"appraisal"
"731",731,"appraisal"
"732",732,"appraisal"
"733",733,"appraisal"
"734",734,"appraisal;social support"
"735",735,"appraisal;social support"
"736",736,"appraisal;social support"
"737",737,"appraisal"
"738",738,"appraisal;activity"
"739",739,"appraisal;activity"
"740",740,"appraisal;activity"
"741",741,"appraisal;activity"
"742",742,"location"
"743",743,"fatigue;negative affect"
"744",744,"physical health"
"745",745,"self-harm"
"746",746,"self-harm;suicidality"
"747",747,"self-harm"
"748",748,"physical health;self-harm"
"749",749,"substance use"
"750",750,"methodological"
"751",751,"negative affect;positive affect"
"752",752,"arousal;positive affect"
"753",753,"positive affect"
"754",754,"positive affect"
"755",755,"negative affect"
"756",756,"positive affect"
"757",757,"negative affect"
"758",758,"negative affect"
"759",759,"negative affect"
"760",760,"positive affect"
"761",761,"positive affect"
"762",762,"negative affect;anxiety;worry"
"763",763,"arousal"
"764",764,"positive affect;arousal"
"765",765,"anxiety;negative affect"
"766",766,"negative affect"
"767",767,"cognition;attention"
"768",768,"worry;negative affect"
"769",769,"fatigue;negative affect"
"770",770,"physical health"
"771",771,"location"
"772",772,"social context"
"773",773,"appraisal"
"774",774,"social context"
"775",775,"appraisal"
"776",776,"sleep"
"777",777,"sleep"
"778",778,"sleep"
"779",779,"event"
"780",780,"event;appraisal"
"781",781,"event;appraisal"
"782",782,"event;appraisal"
"783",783,"event;appraisal"
"784",784,"event;appraisal;stress"
"785",785,"event;appraisal"
"786",786,"activity"
"787",787,"substance use"
"788",788,"substance use"
"789",789,"substance use"
"790",790,"physical health"
"791",791,"methodological"
"792",792,"methodological"
"793",793,"physical health;substance use"
"794",794,"physical health;substance use"
"795",795,""
"796",796,"physical health"
"797",797,"negative affect;physical health;substance use"
"798",798,"physical health;substance use"
"799",799,"physical health;substance use"
"800",800,"methodological"
"801",801,"methodological"
"802",802,"methodological"
"803",803,"methodological"
"804",804,"methodological"
"805",805,"methodological"
"806",806,"appraisal;methodological"
"807",807,"appraisal;methodological"
"808",808,"methodological"
"809",809,"methodological"
"810",810,"methodological"
"811",811,"methodological"
"812",812,"methodological"
"813",813,"methodological"
"814",814,"methodological"
"815",815,"methodological"
"816",816,"methodological"
"817",817,""
"818",818,"stress;negative affect"
"819",819,"stress;negative affect"
"820",820,"negative affect;anxiety;worry"
"821",821,"anxiety;worry"
"822",822,"depression;negative affect"
"823",823,"depression;negative affect"
"824",824,"fatigue"
"825",825,"physical health"
"826",826,""
"827",827,"negative affect"
"828",828,"social interaction"
"829",829,""
"830",830,""
"831",831,""
"832",832,""
"833",833,"rumination"
"834",834,"rumination"
"835",835,""
"836",836,"social interaction"
"837",837,"social interaction"
"838",838,"social interaction"
"839",839,"social interaction"
"840",840,"social interaction"
"841",841,"social interaction"
"842",842,"social interaction"
"843",843,"social interaction"
"844",844,"social interaction"
"845",845,"social interaction"
"846",846,""
"847",847,"positive affect"
"848",848,"positive affect"
"849",849,"positive affect"
"850",850,"positive affect"
"851",851,"negative affect"
"852",852,"negative affect"
"853",853,"anxiety;negative affect"
"854",854,"negative affect"
"855",855,"negative affect"
"856",856,"psychosis;symptom"
"857",857,"negative affect;psychosis;stress;symptom"
"858",858,"psychosis;appraisal"
"859",859,"appraisal;psychosis"
"860",860,"appraisal;psychosis"
"861",861,"appraisal"
"862",862,"appraisal;psychosis"
"863",863,"appraisal"
"864",864,"psychosis;symptom"
"865",865,"psychosis"
"866",866,"negative affect;psychosis;symptom"
"867",867,"psychosis"
"868",868,"psychosis;rumination"
"869",869,"location"
"870",870,"social context"
"871",871,"social context;appraisal"
"872",872,"activity"
"873",873,"activity;appraisal"
"874",874,"activity;appraisal"
"875",875,"symptom"
"876",876,"coping;emotion regulation"
"877",877,"coping;emotion regulation"
"878",878,"coping;emotion regulation"
"879",879,"coping;emotion regulation"
"880",880,"coping;emotion regulation"
"881",881,"coping;emotion regulation"
"882",882,"coping;emotion regulation"
"883",883,"coping;emotion regulation"
"884",884,"coping;emotion regulation"
"885",885,"coping;emotion regulation"
"886",886,"coping;emotion regulation"
"887",887,"coping;emotion regulation"
"888",888,"coping;substance use;emotion regulation"
"889",889,"coping;emotion regulation"
"890",890,"methodological"
"891",891,""
"892",892,"negative affect"
"893",893,"negative affect"
"894",894,"negative affect"
"895",895,"negative affect"
"896",896,"negative affect"
"897",897,"psychosis"
"898",898,"psychosis"
"899",899,"psychosis"
"900",900,"psychosis"
"901",901,"psychosis"
"902",902,"psychosis"
"903",903,"psychosis"
"904",904,"psychosis"
"905",905,"activity"
"906",906,"activity;appraisal"
"907",907,"activity;appraisal"
"908",908,"activity;appraisal"
"909",909,"event"
"910",910,"event;appraisal"
"911",911,"social context"
"912",912,"appraisal"
"913",913,""
"914",914,"physical health;event"
"915",915,"physical health"
"916",916,"physical health;substance use"
"917",917,"physical health;substance use"
"918",918,"physical health"
"919",919,""
"920",920,""
"921",921,"physical health"
"922",922,"physical health"
"923",923,"physical health"
"924",924,"attention;physical health"
"925",925,"substance use;physical health"
"926",926,"physical health"
"927",927,"physical health"
"928",928,"physical health"
"929",929,"identity;self-esteem"
"930",930,"identity"
"931",931,"identity;positive affect"
"932",932,"identity"
"933",933,"identity"
"934",934,"identity"
"935",935,"event"
"936",936,"anxiety;negative affect;stress"
"937",937,""
"938",938,"event"
"939",939,"anxiety;negative affect;stress"
"940",940,""
"941",941,""
"942",942,"anxiety;negative affect;stress"
"943",943,""
"944",944,"stress"
"945",945,"social support"
"946",946,"social support"
"947",947,"social context"
"948",948,"appraisal"
"949",949,"appraisal"
"950",950,"appraisal"
"951",951,"appraisal"
"952",952,"social interaction;activity"
"953",953,"appraisal;social support"
"954",954,"appraisal;social support"
"955",955,"appraisal;social support"
"956",956,"appraisal"
"957",957,"social context"
"958",958,"social interaction;activity"
"959",959,"appraisal;social support"
"960",960,"appraisal;social support"
"961",961,"appraisal;social support"
"962",962,"appraisal"
"963",963,"appraisal"
"964",964,"appraisal"
"965",965,"self-harm"
"966",966,"suicidality"
"967",967,"self-harm"
"968",968,"self-harm;suicidality"
"969",969,"symptom;negative affect;worry"
"970",970,"worry;anxiety;symptom"
"971",971,"worry;anxiety;symptom"
"972",972,"anxiety;symptom"
"973",973,"anxiety;symptom"
"974",974,"anxiety;symptom"
"975",975,"anxiety;symptom"
"976",976,"pleasure;depression;symptom"
"977",977,"symptom;depression;negative affect"
"978",978,"sleep;depression;symptom"
"979",979,"depression;symptom;arousal;fatigue"
"980",980,"depression;symptom;physical health"
"981",981,"depression;symptom;self-esteem"
"982",982,"cognition;depression;symptom"
"983",983,"depression;symptom"
"984",984,"depression;symptom;suicidality;self-harm"
"985",985,"social interaction"
"986",986,"social interaction"
"987",987,"social interaction"
"988",988,"social interaction"
"989",989,"social interaction"
"990",990,"social interaction"
"991",991,"social interaction"
"992",992,"social interaction"
"993",993,"positive affect"
"994",994,"positive affect"
"995",995,"positive affect"
"996",996,"positive affect"
"997",997,"positive affect"
"998",998,"negative affect"
"999",999,"negative affect"
"1000",1000,"negative affect"
"1001",1001,"negative affect"
"1002",1002,"negative affect"
"1003",1003,""
"1004",1004,""
"1005",1005,""
"1006",1006,""
"1007",1007,""
"1008",1008,""
"1009",1009,""
"1010",1010,"negative affect"
"1011",1011,""
"1012",1012,"social support"
"1013",1013,""
"1014",1014,"event;appraisal"
"1015",1015,"event"
"1016",1016,"rumination"
"1017",1017,"rumination"
"1018",1018,"rumination"
"1019",1019,"rumination"
"1020",1020,"physical health;activity"
"1021",1021,"activity;physical health"
"1022",1022,"activity;physical health;stress"
"1023",1023,"activity;physical health"
"1024",1024,"activity;physical health"
"1025",1025,"symptom"
"1026",1026,"body image;symptom"
"1027",1027,"symptom"
"1028",1028,"symptom"
"1029",1029,"avoidance;symptom"
"1030",1030,"negative affect;symptom"
"1031",1031,"symptom"
"1032",1032,"symptom"
"1033",1033,"symptom"
"1034",1034,"symptom"
"1035",1035,"symptom"
"1036",1036,"negative affect"
"1037",1037,"negative affect"
"1038",1038,""
"1039",1039,"sleep"
"1040",1040,"sleep"
"1041",1041,"arousal;sleep"
"1042",1042,"sleep"
"1043",1043,""
"1044",1044,""
"1045",1045,""
"1046",1046,""
"1047",1047,"positive affect"
"1048",1048,"positive affect"
"1049",1049,"positive affect"
"1050",1050,"negative affect;self-esteem"
"1051",1051,"negative affect"
"1052",1052,"anxiety;negative affect"
"1053",1053,"negative affect"
"1054",1054,"negative affect"
"1055",1055,"psychosis"
"1056",1056,"psychosis"
"1057",1057,"psychosis"
"1058",1058,"psychosis"
"1059",1059,""
"1060",1060,"physical health"
"1061",1061,"physical health"
"1062",1062,"self-esteem"
"1063",1063,"self-esteem"
"1064",1064,"activity"
"1065",1065,"activity;appraisal"
"1066",1066,"activity;appraisal"
"1067",1067,"activity;appraisal"
"1068",1068,"activity;appraisal"
"1069",1069,"location"
"1070",1070,"social context"
"1071",1071,"social context;appraisal"
"1072",1072,"social context;appraisal"
"1073",1073,"social context"
"1074",1074,"social context"
"1075",1075,"social context"
"1076",1076,"social context"
"1077",1077,"substance use"
"1078",1078,"substance use"
"1079",1079,"event"
"1080",1080,"event;appraisal"
"1081",1081,"coping;emotion regulation"
"1082",1082,"coping;emotion regulation"
"1083",1083,"coping;emotion regulation"
"1084",1084,"methodological"
"1085",1085,""
"1086",1086,""
"1087",1087,""
"1088",1088,"methodological"
"1089",1089,"methodological"
"1090",1090,"positive affect"
"1091",1091,"fatigue"
"1092",1092,"anxiety;negative affect"
"1093",1093,"negative affect"
"1094",1094,"negative affect"
"1095",1095,"arousal;positive affect"
"1096",1096,"physical health"
"1097",1097,""
"1098",1098,"physical health"
"1099",1099,""
"1100",1100,"physical health"
"1101",1101,""
"1102",1102,"activity"
"1103",1103,""
"1104",1104,"methodological"
"1105",1105,"sleep"
"1106",1106,"sleep"
"1107",1107,"sleep"
"1108",1108,"arousal;sleep"
"1109",1109,"sleep"
"1110",1110,""
"1111",1111,"positive affect"
"1112",1112,"positive affect"
"1113",1113,"positive affect"
"1114",1114,"positive affect"
"1115",1115,"self-esteem"
"1116",1116,"negative affect"
"1117",1117,"anxiety;negative affect"
"1118",1118,"negative affect"
"1119",1119,"negative affect"
"1120",1120,"psychosis"
"1121",1121,"rumination"
"1122",1122,"psychosis"
"1123",1123,"psychosis"
"1124",1124,"physical health"
"1125",1125,"physical health"
"1126",1126,"fatigue;physical health;negative affect"
"1127",1127,"self-esteem"
"1128",1128,"self-esteem"
"1129",1129,"activity"
"1130",1130,"activity;appraisal"
"1131",1131,"activity;appraisal"
"1132",1132,"activity;appraisal"
"1133",1133,"location"
"1134",1134,"social context"
"1135",1135,"appraisal"
"1136",1136,"appraisal"
"1137",1137,"appraisal"
"1138",1138,"positive affect"
"1139",1139,""
"1140",1140,"event"
"1141",1141,"event;appraisal"
"1142",1142,"event;appraisal"
"1143",1143,"event;appraisal"
"1144",1144,""
"1145",1145,"event;stress"
"1146",1146,"event;appraisal"
"1147",1147,"methodological"
"1148",1148,"methodological"
"1149",1149,"positive affect"
"1150",1150,"stress"
"1151",1151,"anxiety;negative affect"
"1152",1152,"sleep"
"1153",1153,"sleep"
"1154",1154,"sleep"
"1155",1155,"sleep"
"1156",1156,"cognition"
"1157",1157,"cognition"
"1158",1158,"positive affect"
"1159",1159,"positive affect"
"1160",1160,"positive affect"
"1161",1161,"positive affect"
"1162",1162,"negative affect;self-esteem"
"1163",1163,"negative affect"
"1164",1164,"anxiety;negative affect"
"1165",1165,"negative affect"
"1166",1166,"negative affect"
"1167",1167,"psychosis"
"1168",1168,"psychosis"
"1169",1169,"psychosis"
"1170",1170,"psychosis"
"1171",1171,"psychosis"
"1172",1172,"psychosis"
"1173",1173,"psychosis"
"1174",1174,"psychosis"
"1175",1175,"physical health"
"1176",1176,"physical health"
"1177",1177,"fatigue;physical health;negative affect"
"1178",1178,"self-esteem"
"1179",1179,"self-esteem"
"1180",1180,"activity"
"1181",1181,"activity;appraisal"
"1182",1182,"activity;appraisal"
"1183",1183,"activity;appraisal"
"1184",1184,"activity;appraisal"
"1185",1185,"location"
"1186",1186,"social context;appraisal"
"1187",1187,"appraisal"
"1188",1188,"appraisal"
"1189",1189,"appraisal"
"1190",1190,"appraisal"
"1191",1191,"substance use"
"1192",1192,"substance use"
"1193",1193,"event"
"1194",1194,"event;appraisal"
"1195",1195,"event;appraisal"
"1196",1196,"event;appraisal"
"1197",1197,"event;appraisal"
"1198",1198,"methodological"
"1199",1199,""
"1200",1200,"methodological"
"1201",1201,"methodological"
"1202",1202,"sleep"
"1203",1203,"sleep"
"1204",1204,""
"1205",1205,"appraisal"
"1206",1206,"cognition"
"1207",1207,"positive affect"
"1208",1208,"positive affect"
"1209",1209,"positive affect"
"1210",1210,"depression;negative affect"
"1211",1211,"anxiety;negative affect"
"1212",1212,"negative affect"
"1213",1213,"depression;negative affect"
"1214",1214,"positive affect;self-esteem"
"1215",1215,"anxiety;stress"
"1216",1216,"positive affect"
"1217",1217,"fatigue;physical health"
"1218",1218,"depression;negative affect"
"1219",1219,"positive affect"
"1220",1220,"anxiety"
"1221",1221,"activity"
"1222",1222,"positive affect"
"1223",1223,"positive affect"
"1224",1224,"activity"
"1225",1225,"activity;appraisal"
"1226",1226,"activity;appraisal"
"1227",1227,"activity;appraisal"
"1228",1228,"activity;appraisal"
"1229",1229,"location"
"1230",1230,"social context"
"1231",1231,"social context"
"1232",1232,"social context"
"1233",1233,"substance use"
"1234",1234,"event"
"1235",1235,"event;appraisal"
"1236",1236,"event;appraisal"
"1237",1237,"event;appraisal"
"1238",1238,"event"
"1239",1239,"event"
"1240",1240,"event;appraisal"
"1241",1241,"event;appraisal"
"1242",1242,"event;appraisal"
"1243",1243,"appraisal;event;stress"
"1244",1244,"event;appraisal"
"1245",1245,"event;appraisal"
"1246",1246,"methodological"
"1247",1247,""
"1248",1248,""
"1249",1249,""
"1250",1250,"methodological"
"1251",1251,"methodological"
"1252",1252,"methodological"
"1253",1253,"methodological"
"1254",1254,"positive affect"
"1255",1255,"positive affect"
"1256",1256,"appraisal"
"1257",1257,"methodological"
"1258",1258,"methodological"
"1259",1259,"event"
"1260",1260,"appraisal;event"
"1261",1261,"appraisal;event"
"1262",1262,"appraisal;event;stress"
"1263",1263,"appraisal;event"
"1264",1264,"appraisal;event"
"1265",1265,"appraisal;event"
"1266",1266,"event;appraisal"
"1267",1267,"appraisal;event"
"1268",1268,"appraisal;event"
"1269",1269,"appraisal;event"
"1270",1270,"appraisal;event"
"1271",1271,"physical health;substance use"
"1272",1272,"physical health;substance use"
"1273",1273,"sleep"
"1274",1274,"sleep"
"1275",1275,"sleep"
"1276",1276,"sleep"
"1277",1277,"sleep"
"1278",1278,"sleep"
"1279",1279,"worry"
"1280",1280,"positive affect"
"1281",1281,"positive affect"
"1282",1282,"positive affect"
"1283",1283,"positive affect"
"1284",1284,"negative affect;self-esteem"
"1285",1285,"negative affect"
"1286",1286,"anxiety;negative affect"
"1287",1287,"negative affect"
"1288",1288,"negative affect"
"1289",1289,"negative affect"
"1290",1290,"positive affect"
"1291",1291,"physical health"
"1292",1292,"positive affect"
"1293",1293,"fatigue;physical health"
"1294",1294,"activity"
"1295",1295,"activity;appraisal"
"1296",1296,"activity;appraisal"
"1297",1297,"appraisal;activity;attention;substance use"
"1298",1298,"activity;appraisal"
"1299",1299,"location"
"1300",1300,"social context"
"1301",1301,"social context;appraisal"
"1302",1302,"social context;appraisal"
"1303",1303,"social context;appraisal"
"1304",1304,"social context;appraisal"
"1305",1305,"substance use"
"1306",1306,"methodological"
"1307",1307,"cognition"
"1308",1308,"cognition"
"1309",1309,"cognition"
"1310",1310,"attention;cognition"
"1311",1311,"positive affect"
"1312",1312,"physical health;fatigue"
"1313",1313,"stress"
"1314",1314,"anxiety;worry"
"1315",1315,"cognition"
"1316",1316,"cognition"
"1317",1317,""
"1318",1318,"sleep"
"1319",1319,"sleep"
"1320",1320,"sleep"
"1321",1321,"sleep"
"1322",1322,"sleep"
"1323",1323,"sleep"
"1324",1324,""
"1325",1325,"arousal"
"1326",1326,"sleep"
"1327",1327,"worry"
"1328",1328,"positive affect"
"1329",1329,"positive affect;arousal"
"1330",1330,"positive affect"
"1331",1331,"positive affect"
"1332",1332,"self-esteem"
"1333",1333,"negative affect"
"1334",1334,"anxiety;negative affect"
"1335",1335,"negative affect"
"1336",1336,"negative affect"
"1337",1337,"negative affect"
"1338",1338,"negative affect"
"1339",1339,""
"1340",1340,""
"1341",1341,""
"1342",1342,""
"1343",1343,""
"1344",1344,"positive affect;arousal"
"1345",1345,"activity"
"1346",1346,"activity;appraisal"
"1347",1347,"activity;appraisal"
"1348",1348,"activity;appraisal"
"1349",1349,"activity;attention;cognition;appraisal"
"1350",1350,"activity"
"1351",1351,"location"
"1352",1352,"social context"
"1353",1353,""
"1354",1354,""
"1355",1355,""
"1356",1356,""
"1357",1357,"event;appraisal"
"1358",1358,"event;appraisal"
"1359",1359,"event"
"1360",1360,"methodological"
"1361",1361,"cognition"
"1362",1362,"cognition"
"1363",1363,""
"1364",1364,"cognition"
"1365",1365,"cognition"
"1366",1366,"cognition"
"1367",1367,"sleep"
"1368",1368,"sleep"
"1369",1369,"sleep"
"1370",1370,"sleep"
"1371",1371,"sleep"
"1372",1372,"positive affect"
"1373",1373,"positive affect"
"1374",1374,"positive affect"
"1375",1375,"positive affect"
"1376",1376,"negative affect;self-esteem"
"1377",1377,"negative affect"
"1378",1378,"anxiety;negative affect"
"1379",1379,"negative affect"
"1380",1380,"negative affect"
"1381",1381,"positive affect"
"1382",1382,"negative affect"
"1383",1383,"psychosis"
"1384",1384,"psychosis;rumination"
"1385",1385,"psychosis"
"1386",1386,"psychosis"
"1387",1387,"psychosis"
"1388",1388,"psychosis"
"1389",1389,"psychosis"
"1390",1390,"psychosis"
"1391",1391,"physical health"
"1392",1392,"physical health;negative affect"
"1393",1393,"fatigue;physical health;negative affect"
"1394",1394,"activity"
"1395",1395,"activity;appraisal"
"1396",1396,"activity;appraisal"
"1397",1397,"activity;appraisal;self-esteem"
"1398",1398,"activity;appraisal"
"1399",1399,"location"
"1400",1400,"social context"
"1401",1401,"social context;appraisal"
"1402",1402,"social context;appraisal"
"1403",1403,"social context;appraisal"
"1404",1404,"positive affect;social context;appraisal"
"1405",1405,"substance use"
"1406",1406,"substance use"
"1407",1407,"event;appraisal"
"1408",1408,"event;appraisal"
"1409",1409,"event;appraisal"
"1410",1410,"methodological"
"1411",1411,"appraisal;methodological"
"1412",1412,"methodological"
"1413",1413,"methodological"
"1414",1414,"positive affect"
"1415",1415,"fatigue;negative affect;physical health"
"1416",1416,"stress;negative affect"
"1417",1417,"social context"
"1418",1418,"social context;appraisal"
"1419",1419,"anxiety;worry;negative affect"
"1420",1420,"appraisal"
"1421",1421,"positive affect;appraisal"
"1422",1422,"appraisal"
"1423",1423,"appraisal"
"1424",1424,"appraisal"
"1425",1425,"appraisal"
"1426",1426,"appraisal"
"1427",1427,"appraisal"
"1428",1428,"appraisal"
"1429",1429,"appraisal"
"1430",1430,"self-esteem;negative affect"
"1431",1431,"anxiety;negative affect"
"1432",1432,"appraisal"
"1433",1433,"sleep"
"1434",1434,"sleep"
"1435",1435,"sleep"
"1436",1436,"sleep"
"1437",1437,"sleep"
"1438",1438,"sleep"
"1439",1439,"appraisal;positive affect"
"1440",1440,"positive affect"
"1441",1441,"positive affect"
"1442",1442,"positive affect"
"1443",1443,"positive affect"
"1444",1444,"positive affect"
"1445",1445,"negative affect;anxiety"
"1446",1446,"fatigue;negative affect"
"1447",1447,"negative affect"
"1448",1448,"anxiety;negative affect"
"1449",1449,"negative affect"
"1450",1450,"negative affect"
"1451",1451,"depression;negative affect"
"1452",1452,"negative affect"
"1453",1453,"activity"
"1454",1454,"positive affect"
"1455",1455,"positive affect"
"1456",1456,"physical health"
"1457",1457,"fatigue;sleep;physical health"
"1458",1458,"physical health;fatigue"
"1459",1459,"activity"
"1460",1460,"activity;appraisal"
"1461",1461,"activity;appraisal"
"1462",1462,"activity;appraisal"
"1463",1463,"activity;attention;cognition;appraisal;rumination"
"1464",1464,"activity;appraisal"
"1465",1465,"location"
"1466",1466,"social context"
"1467",1467,""
"1468",1468,""
"1469",1469,"social context"
"1470",1470,"social interaction"
"1471",1471,"substance use"
"1472",1472,"substance use"
"1473",1473,"substance use"
"1474",1474,"methodological"
"1475",1475,"methodological"
"1476",1476,"physical health"
"1477",1477,"physical health"
"1478",1478,"physical health"
"1479",1479,"physical health"
"1480",1480,"physical health"
"1481",1481,"event;appraisal"
"1482",1482,"event;appraisal"
"1483",1483,"cognition"
"1484",1484,"worry;negative affect"
"1485",1485,"appraisal"
"1486",1486,"sleep"
"1487",1487,"appraisal"
"1488",1488,"methodological"
"1489",1489,"methodological"
"1490",1490,""
"1491",1491,""
"1492",1492,""
"1493",1493,""
"1494",1494,""
"1495",1495,""
"1496",1496,"activity"
"1497",1497,""
"1498",1498,"methodological"
"1499",1499,"methodological"
"1500",1500,"event;appraisal"
"1501",1501,"event;appraisal"
"1502",1502,"sleep"
"1503",1503,"sleep"
"1504",1504,"sleep"
"1505",1505,"sleep"
"1506",1506,"positive affect"
"1507",1507,"positive affect"
"1508",1508,"positive affect"
"1509",1509,"positive affect"
"1510",1510,"negative affect;self-esteem"
"1511",1511,"negative affect"
"1512",1512,"anxiety;negative affect"
"1513",1513,"negative affect"
"1514",1514,"negative affect"
"1515",1515,"psychosis;symptom"
"1516",1516,"psychosis;symptom;rumination"
"1517",1517,"psychosis;symptom"
"1518",1518,"psychosis;symptom"
"1519",1519,"psychosis;symptom"
"1520",1520,"psychosis;symptom"
"1521",1521,"psychosis;symptom"
"1522",1522,"psychosis;symptom"
"1523",1523,"physical health"
"1524",1524,"positive affect"
"1525",1525,"fatigue;physical health"
"1526",1526,"activity"
"1527",1527,"activity"
"1528",1528,"activity;appraisal"
"1529",1529,"activity;appraisal"
"1530",1530,"activity;appraisal;self-esteem"
"1531",1531,"location"
"1532",1532,"location"
"1533",1533,"event;location;appraisal"
"1534",1534,"event;appraisal"
"1535",1535,"event;location"
"1536",1536,"social context"
"1537",1537,""
"1538",1538,""
"1539",1539,""
"1540",1540,""
"1541",1541,""
"1542",1542,""
"1543",1543,"substance use"
"1544",1544,"substance use"
"1545",1545,"substance use"
"1546",1546,"methodological"
"1547",1547,"appraisal"
"1548",1548,"methodological"
"1549",1549,"methodological"
"1550",1550,"appraisal"
"1551",1551,"fatigue;appraisal"
"1552",1552,"stress;appraisal"
"1553",1553,"event;appraisal"
"1554",1554,"event;coping;emotion regulation"
"1555",1555,"event;rumination;emotion regulation"
"1556",1556,"event;coping;emotion regulation"
"1557",1557,"event;coping"
"1558",1558,"event;coping"
"1559",1559,"event;avoidance"
"1560",1560,"event;coping"
"1561",1561,""
"1562",1562,"sleep"
"1563",1563,"sleep"
"1564",1564,"sleep"
"1565",1565,"sleep"
"1566",1566,"cognition"
"1567",1567,"appraisal"
"1568",1568,"appraisal"
"1569",1569,"cognition;attention"
"1570",1570,""
"1571",1571,"positive affect"
"1572",1572,"positive affect"
"1573",1573,"positive affect"
"1574",1574,"negative affect;self-esteem"
"1575",1575,"negative affect"
"1576",1576,"anxiety;negative affect"
"1577",1577,"negative affect"
"1578",1578,"negative affect"
"1579",1579,"negative affect"
"1580",1580,"positive affect"
"1581",1581,"psychosis;symptom"
"1582",1582,""
"1583",1583,""
"1584",1584,""
"1585",1585,""
"1586",1586,""
"1587",1587,""
"1588",1588,""
"1589",1589,""
"1590",1590,"physical health"
"1591",1591,"physical health"
"1592",1592,"activity"
"1593",1593,"activity;appraisal"
"1594",1594,"activity;appraisal"
"1595",1595,"activity;appraisal;self-esteem"
"1596",1596,"activity;appraisal"
"1597",1597,"activity;coping;stress"
"1598",1598,"location"
"1599",1599,"social context"
"1600",1600,"social context"
"1601",1601,"social context;appraisal"
"1602",1602,"social context;appraisal"
"1603",1603,"coping;stress;appraisal"
"1604",1604,"substance use"
"1605",1605,"substance use"
"1606",1606,"coping;stress;substance use"
"1607",1607,"event;appraisal"
"1608",1608,"event;appraisal"
"1609",1609,"event;coping"
"1610",1610,"event;appraisal"
"1611",1611,"event;appraisal"
"1612",1612,"methodological"
"1613",1613,""
"1614",1614,"sleep"
"1615",1615,"appraisal"
"1616",1616,"methodological"
"1617",1617,"methodological"
"1618",1618,"appraisal"
"1619",1619,"fatigue;appraisal"
"1620",1620,"stress;appraisal"
"1621",1621,"social context"
"1622",1622,""
"1623",1623,""
"1624",1624,""
"1625",1625,""
"1626",1626,""
"1627",1627,""
"1628",1628,"activity;methodological"
"1629",1629,"methodological"
"1630",1630,"methodological"
"1631",1631,"methodological"
"1632",1632,"methodological"
"1633",1633,"appraisal;event"
"1634",1634,"event"
"1635",1635,""
"1636",1636,"appraisal"
"1637",1637,""
"1638",1638,""
"1639",1639,"psychosis"
"1640",1640,"anxiety;negative affect"
"1641",1641,"event"
"1642",1642,"coping"
"1643",1643,"coping"
"1644",1644,"sleep"
"1645",1645,"arousal;positive affect"
"1646",1646,"positive affect"
"1647",1647,"positive affect"
"1648",1648,"positive affect"
"1649",1649,"positive affect"
"1650",1650,"negative affect;self-esteem"
"1651",1651,"negative affect"
"1652",1652,"anxiety;negative affect"
"1653",1653,"negative affect"
"1654",1654,"negative affect"
"1655",1655,"negative affect"
"1656",1656,"negative affect"
"1657",1657,"positive affect"
"1658",1658,"psychosis;symptom"
"1659",1659,""
"1660",1660,""
"1661",1661,""
"1662",1662,""
"1663",1663,""
"1664",1664,""
"1665",1665,"activity;physical health"
"1666",1666,"physical health"
"1667",1667,"physical health"
"1668",1668,"physical health"
"1669",1669,"fatigue;physical health"
"1670",1670,"activity"
"1671",1671,"activity;appraisal"
"1672",1672,"activity;appraisal"
"1673",1673,"activity;appraisal;self-esteem"
"1674",1674,"location;social context"
"1675",1675,"social context"
"1676",1676,""
"1677",1677,""
"1678",1678,""
"1679",1679,""
"1680",1680,"substance use"
"1681",1681,"event;appraisal"
"1682",1682,"event;appraisal"
"1683",1683,"methodological"
"1684",1684,"methodological"
"1685",1685,"appraisal"
"1686",1686,"sleep"
"1687",1687,"sleep"
"1688",1688,"sleep"
"1689",1689,"sleep"
"1690",1690,"sleep"
"1691",1691,"cognition"
"1692",1692,""
"1693",1693,""
"1694",1694,""
"1695",1695,"cognition;attention"
"1696",1696,"positive affect"
"1697",1697,"positive affect"
"1698",1698,"positive affect"
"1699",1699,"negative affect;self-esteem"
"1700",1700,"negative affect"
"1701",1701,"anxiety;negative affect"
"1702",1702,"negative affect"
"1703",1703,"negative affect"
"1704",1704,"positive affect"
"1705",1705,"psychosis;symptom"
"1706",1706,"rumination"
"1707",1707,""
"1708",1708,""
"1709",1709,""
"1710",1710,""
"1711",1711,""
"1712",1712,""
"1713",1713,""
"1714",1714,"activity;physical health"
"1715",1715,"physical health"
"1716",1716,"physical health"
"1717",1717,"activity"
"1718",1718,"activity;appraisal"
"1719",1719,"activity;appraisal"
"1720",1720,"activity;appraisal;self-esteem"
"1721",1721,"activity;appraisal"
"1722",1722,"activity;appraisal"
"1723",1723,"location"
"1724",1724,"social context"
"1725",1725,"social context"
"1726",1726,""
"1727",1727,""
"1728",1728,"social context"
"1729",1729,"social context"
"1730",1730,"social context"
"1731",1731,"social interaction"
"1732",1732,""
"1733",1733,"substance use"
"1734",1734,"substance use"
"1735",1735,"substance use"
"1736",1736,"substance use"
"1737",1737,"substance use"
"1738",1738,"event;appraisal"
"1739",1739,"event;appraisal"
"1740",1740,"methodological"
"1741",1741,""
"1742",1742,"sleep"
"1743",1743,""
"1744",1744,"methodological"
"1745",1745,"methodological"
"1746",1746,"physical health;positive affect"
"1747",1747,"stress;negative affect"
"1748",1748,"anxiety;negative affect"
"1749",1749,"social context"
"1750",1750,""
"1751",1751,""
"1752",1752,""
"1753",1753,""
"1754",1754,""
"1755",1755,""
"1756",1756,"activity"
"1757",1757,"methodological"
"1758",1758,"methodological"
"1759",1759,"methodological"
"1760",1760,"substance use"
"1761",1761,"substance use"
"1762",1762,"substance use;social context"
"1763",1763,"substance use"
"1764",1764,"substance use"
"1765",1765,"substance use"
"1766",1766,"substance use"
"1767",1767,"substance use;positive affect"
"1768",1768,"negative affect;substance use;emotion regulation;coping"
"1769",1769,"negative affect;stress;substance use;emotion regulation;coping"
"1770",1770,"substance use;positive affect;emotion regulation;coping"
"1771",1771,"negative affect;substance use"
"1772",1772,"negative affect;stress;substance use"
"1773",1773,"substance use"
"1774",1774,"sleep"
"1775",1775,"sleep"
"1776",1776,"sleep"
"1777",1777,"sleep"
"1778",1778,"sleep"
"1779",1779,""
"1780",1780,"sleep;substance use"
"1781",1781,"cognition"
"1782",1782,"worry;negative affect"
"1783",1783,"positive affect"
"1784",1784,"positive affect"
"1785",1785,"positive affect"
"1786",1786,"positive affect"
"1787",1787,"negative affect"
"1788",1788,"anxiety;negative affect"
"1789",1789,"negative affect"
"1790",1790,"negative affect"
"1791",1791,"negative affect"
"1792",1792,"negative affect"
"1793",1793,"negative affect;physical health;depression;anxiety"
"1794",1794,"physical health;self-esteem"
"1795",1795,"depression"
"1796",1796,"psychosis"
"1797",1797,"self-esteem"
"1798",1798,"physical health"
"1799",1799,"physical health;negative affect"
"1800",1800,"physical health"
"1801",1801,"physical health"
"1802",1802,"physical health"
"1803",1803,"physical health"
"1804",1804,"fatigue;physical health"
"1805",1805,"fatigue"
"1806",1806,"self-esteem"
"1807",1807,"self-esteem"
"1808",1808,"self-esteem"
"1809",1809,"activity"
"1810",1810,"activity"
"1811",1811,"activity;appraisal"
"1812",1812,"activity;appraisal"
"1813",1813,"activity;appraisal;self-esteem"
"1814",1814,"activity"
"1815",1815,"social context"
"1816",1816,"social context"
"1817",1817,"social context"
"1818",1818,""
"1819",1819,""
"1820",1820,""
"1821",1821,""
"1822",1822,"social context"
"1823",1823,"social interaction"
"1824",1824,"event;appraisal"
"1825",1825,"event;appraisal"
"1826",1826,"event;appraisal"
"1827",1827,"event;appraisal"
"1828",1828,"event;appraisal"
"1829",1829,"event;appraisal"
"1830",1830,"methodological"
"1831",1831,"appraisal"
"1832",1832,"methodological"
"1833",1833,"methodological"
"1834",1834,"activity"
"1835",1835,"appraisal"
"1836",1836,"substance use"
"1837",1837,"sleep"
"1838",1838,"sleep"
"1839",1839,"sleep"
"1840",1840,"sleep"
"1841",1841,"sleep"
"1842",1842,"cognition"
"1843",1843,""
"1844",1844,"worry;negative affect"
"1845",1845,"cognition;attention"
"1846",1846,"cognition"
"1847",1847,"positive affect"
"1848",1848,"positive affect"
"1849",1849,"positive affect"
"1850",1850,"positive affect"
"1851",1851,"negative affect;self-esteem"
"1852",1852,"negative affect"
"1853",1853,"anxiety;negative affect"
"1854",1854,"negative affect"
"1855",1855,"negative affect"
"1856",1856,"negative affect"
"1857",1857,"positive affect"
"1858",1858,"positive affect"
"1859",1859,"positive affect"
"1860",1860,"positive affect"
"1861",1861,"arousal"
"1862",1862,"positive affect"
"1863",1863,"positive affect"
"1864",1864,"negative affect"
"1865",1865,"negative affect;psychosis"
"1866",1866,"psychosis;rumination"
"1867",1867,"activity;physical health"
"1868",1868,"physical health"
"1869",1869,"physical health"
"1870",1870,"fatigue;physical health"
"1871",1871,"activity"
"1872",1872,"appraisal;activity"
"1873",1873,"activity;appraisal;self-esteem"
"1874",1874,"activity;appraisal"
"1875",1875,"activity;appraisal"
"1876",1876,"appraisal;activity"
"1877",1877,"appraisal;activity"
"1878",1878,"location;social context"
"1879",1879,"social context"
"1880",1880,"social context"
"1881",1881,"social context;appraisal"
"1882",1882,"social context;appraisal"
"1883",1883,"social context;appraisal"
"1884",1884,"social context"
"1885",1885,"social context"
"1886",1886,"social context"
"1887",1887,"social interaction"
"1888",1888,"substance use"
"1889",1889,"substance use"
"1890",1890,"substance use"
"1891",1891,"event;appraisal"
"1892",1892,"event;appraisal"
"1893",1893,"methodological"
"1894",1894,""
"1895",1895,""
"1896",1896,""
"1897",1897,"methodological"
"1898",1898,"methodological"
"1899",1899,"activity"
"1900",1900,"methodological"
"1901",1901,"methodological"
"1902",1902,"methodological"
"1903",1903,"anxiety;worry;negative affect"
"1904",1904,"activity;emotion regulation"
"1905",1905,""
"1906",1906,""
"1907",1907,""
"1908",1908,"sleep"
"1909",1909,"sleep"
"1910",1910,"sleep"
"1911",1911,"sleep"
"1912",1912,"sleep"
"1913",1913,"sleep"
"1914",1914,"sleep"
"1915",1915,"cognition"
"1916",1916,"cognition;appraisal"
"1917",1917,"cognition;appraisal"
"1918",1918,"cognition;appraisal"
"1919",1919,"cognition;negative affect;attention"
"1920",1920,"positive affect"
"1921",1921,"positive affect"
"1922",1922,"positive affect"
"1923",1923,"negative affect"
"1924",1924,"negative affect"
"1925",1925,"anxiety;negative affect;worry"
"1926",1926,"negative affect;self-esteem"
"1927",1927,"negative affect"
"1928",1928,"negative affect"
"1929",1929,"positive affect"
"1930",1930,"psychosis;symptom"
"1931",1931,"rumination"
"1932",1932,""
"1933",1933,""
"1934",1934,""
"1935",1935,""
"1936",1936,""
"1937",1937,""
"1938",1938,"activity;physical health"
"1939",1939,"physical health"
"1940",1940,"physical health"
"1941",1941,"physical health"
"1942",1942,"physical health"
"1943",1943,"activity"
"1944",1944,"activity;appraisal"
"1945",1945,"activity;appraisal"
"1946",1946,"activity;appraisal;self-esteem"
"1947",1947,"activity;appraisal"
"1948",1948,"location;social context"
"1949",1949,"social context"
"1950",1950,"social context"
"1951",1951,""
"1952",1952,""
"1953",1953,"social interaction"
"1954",1954,"substance use"
"1955",1955,"substance use"
"1956",1956,"event;appraisal"
"1957",1957,"event;appraisal"
"1958",1958,"methodological"
"1959",1959,"sleep"
"1960",1960,""
"1961",1961,"methodological"
"1962",1962,"methodological"
"1963",1963,"positive affect"
"1964",1964,"fatigue"
"1965",1965,"social context"
"1966",1966,""
"1967",1967,""
"1968",1968,""
"1969",1969,""
"1970",1970,""
"1971",1971,""
"1972",1972,"activity"
"1973",1973,""
"1974",1974,"methodological"
"1975",1975,"methodological"
"1976",1976,"negative affect;stress"
"1977",1977,"event;appraisal"
"1978",1978,"event;appraisal"
"1979",1979,"event;appraisal"
"1980",1980,"physical health"
"1981",1981,"physical health"
"1982",1982,"physical health"
"1983",1983,"physical health"
"1984",1984,"physical health"
"1985",1985,"physical health"
"1986",1986,"physical health"
"1987",1987,"physical health"
"1988",1988,"physical health"
"1989",1989,"physical health"
"1990",1990,"physical health"
"1991",1991,"physical health"
"1992",1992,"physical health"
"1993",1993,"sleep"
"1994",1994,"sleep"
"1995",1995,"sleep"
"1996",1996,"sleep"
"1997",1997,"worry;negative affect"
"1998",1998,"positive affect"
"1999",1999,"positive affect"
"2000",2000,"positive affect"
"2001",2001,"positive affect"
"2002",2002,"negative affect"
"2003",2003,"anxiety;negative affect"
"2004",2004,"negative affect"
"2005",2005,"depression;negative affect"
"2006",2006,"positive affect"
"2007",2007,"negative affect"
"2008",2008,"negative affect"
"2009",2009,"negative affect"
"2010",2010,"coping"
"2011",2011,"activity;physical health"
"2012",2012,"physical health"
"2013",2013,"physical health"
"2014",2014,"physical health"
"2015",2015,"physical health"
"2016",2016,"physical health"
"2017",2017,"fatigue;physical health"
"2018",2018,"self-esteem"
"2019",2019,"self-esteem"
"2020",2020,"self-esteem"
"2021",2021,"activity"
"2022",2022,""
"2023",2023,"activity;appraisal"
"2024",2024,"activity;appraisal"
"2025",2025,"activity;appraisal"
"2026",2026,"social context"
"2027",2027,"social context;appraisal"
"2028",2028,"social context;appraisal"
"2029",2029,"social context;appraisal"
"2030",2030,"social context;social interaction"
"2031",2031,"event"
"2032",2032,"event;appraisal"
"2033",2033,"event;appraisal"
"2034",2034,"event"
"2035",2035,"event"
"2036",2036,"event"
"2037",2037,"methodological"
"2038",2038,"negative affect;depression"
"2039",2039,"negative affect;depression"
"2040",2040,"negative affect;depression"
"2041",2041,"negative affect;pleasure;depression"
"2042",2042,"negative affect;depression"
"2043",2043,"negative affect;depression"
"2044",2044,"negative affect;depression"
"2045",2045,"negative affect;depression"
"2046",2046,"negative affect;worry;depression"
"2047",2047,"negative affect;depression"
"2048",2048,"negative affect;depression"
"2049",2049,"negative affect;depression"
"2050",2050,"depression;negative affect;self-esteem"
"2051",2051,"sleep"
"2052",2052,"sleep"
"2053",2053,"sleep"
"2054",2054,"sleep"
"2055",2055,"sleep"
"2056",2056,"sleep"
"2057",2057,"physical health"
"2058",2058,"physical health"
"2059",2059,"cognition"
"2060",2060,"cognition"
"2061",2061,"worry"
"2062",2062,"positive affect"
"2063",2063,"positive affect"
"2064",2064,"positive affect"
"2065",2065,"anxiety;negative affect"
"2066",2066,"negative affect"
"2067",2067,"negative affect"
"2068",2068,"positive affect"
"2069",2069,"negative affect;stress"
"2070",2070,"positive affect"
"2071",2071,"negative affect"
"2072",2072,"attention;negative affect"
"2073",2073,"positive affect"
"2074",2074,"negative affect"
"2075",2075,"negative affect"
"2076",2076,"positive affect"
"2077",2077,"activity;physical health"
"2078",2078,"positive affect"
"2079",2079,"substance use"
"2080",2080,"physical health"
"2081",2081,"physical health"
"2082",2082,"physical health"
"2083",2083,"activity"
"2084",2084,"activity;appraisal"
"2085",2085,"activity;appraisal"
"2086",2086,"activity;appraisal"
"2087",2087,"activity;attention;cognition"
"2088",2088,"location"
"2089",2089,"social context"
"2090",2090,"social context;appraisal"
"2091",2091,"social context"
"2092",2092,"social interaction"
"2093",2093,"substance use"
"2094",2094,"substance use"
"2095",2095,"event"
"2096",2096,"event;appraisal"
"2097",2097,"event"
"2098",2098,"event;appraisal"
"2099",2099,"event;appraisal"
"2100",2100,"event;appraisal"
"2101",2101,"event"
"2102",2102,"event"
"2103",2103,"event"
"2104",2104,"methodological"
"2105",2105,"event"
"2106",2106,"event"
"2107",2107,"sleep"
"2108",2108,"methodological;arousal"
"2109",2109,"methodological"
"2110",2110,"methodological"
"2111",2111,"methodological"
"2112",2112,""
"2113",2113,"event"
"2114",2114,""
"2115",2115,"event"
"2116",2116,""
"2117",2117,"event"
"2118",2118,"activity"
"2119",2119,"activity;event"
"2120",2120,"methodological;event"
"2121",2121,"activity;methodological;event"
"2122",2122,"stress"
"2123",2123,"stress"
"2124",2124,"stress;event"
"2125",2125,"stress"
"2126",2126,"stress;event"
"2127",2127,""
"2128",2128,"positive affect"
"2129",2129,""
"2130",2130,"negative affect"
"2131",2131,"positive affect"
"2132",2132,"negative affect"
"2133",2133,"positive affect"
"2134",2134,"negative affect"
"2135",2135,"self-esteem"
"2136",2136,"depression;negative affect"
"2137",2137,"positive affect"
"2138",2138,"negative affect"
"2139",2139,"social interaction"
"2140",2140,"pleasure"
"2141",2141,""
"2142",2142,"anxiety"
"2143",2143,"arousal"
"2144",2144,"event;stress"
"2145",2145,"event;stress;appraisal"
"2146",2146,"event;stress;appraisal"
"2147",2147,"event;stress;appraisal"
"2148",2148,"event;stress;coping"
"2149",2149,"attention;event;stress;coping"
"2150",2150,"event;stress;coping"
"2151",2151,"event;stress;coping"
"2152",2152,"anxiety;event;stress;worry;coping"
"2153",2153,"event;stress;coping"
"2154",2154,"event;stress;coping"
"2155",2155,"event;stress;coping"
"2156",2156,"event;stress;coping"
"2157",2157,"social interaction"
"2158",2158,"sleep"
"2159",2159,"sleep"
"2160",2160,"sleep"
"2161",2161,"cognition"
"2162",2162,""
"2163",2163,""
"2164",2164,""
"2165",2165,""
"2166",2166,"cognition"
"2167",2167,"positive affect"
"2168",2168,"positive affect"
"2169",2169,"self-esteem"
"2170",2170,"negative affect"
"2171",2171,"anxiety;negative affect"
"2172",2172,"negative affect"
"2173",2173,"psychosis;symptom"
"2174",2174,""
"2175",2175,""
"2176",2176,""
"2177",2177,""
"2178",2178,""
"2179",2179,""
"2180",2180,""
"2181",2181,""
"2182",2182,"physical health"
"2183",2183,"fatigue;physical health"
"2184",2184,"physical health"
"2185",2185,"physical health"
"2186",2186,"physical health"
"2187",2187,"activity"
"2188",2188,"activity;appraisal"
"2189",2189,"activity"
"2190",2190,"activity;appraisal"
"2191",2191,"activity;appraisal"
"2192",2192,"activity;appraisal"
"2193",2193,"location"
"2194",2194,"social context"
"2195",2195,"social context"
"2196",2196,"social context"
"2197",2197,"social context"
"2198",2198,"social context"
"2199",2199,""
"2200",2200,""
"2201",2201,"social interaction"
"2202",2202,"substance use"
"2203",2203,"substance use"
"2204",2204,"substance use"
"2205",2205,"event"
"2206",2206,"event;appraisal"
"2207",2207,"methodological"
"2208",2208,"methodological"
"2209",2209,"methodological"
"2210",2210,""
"2211",2211,"methodological"
"2212",2212,"methodological"
"2213",2213,""
"2214",2214,"event"
"2215",2215,""
"2216",2216,"event"
"2217",2217,""
"2218",2218,"event"
"2219",2219,"activity"
"2220",2220,"event"
"2221",2221,"sleep"
"2222",2222,"sleep"
"2223",2223,"sleep"
"2224",2224,"sleep"
"2225",2225,"sleep"
"2226",2226,"sleep"
"2227",2227,"sleep"
"2228",2228,"sleep"
"2229",2229,""
"2230",2230,"worry"
"2231",2231,"positive affect"
"2232",2232,"positive affect"
"2233",2233,"positive affect"
"2234",2234,"positive affect"
"2235",2235,"self-esteem"
"2236",2236,"negative affect"
"2237",2237,"anxiety;negative affect"
"2238",2238,"negative affect"
"2239",2239,"negative affect"
"2240",2240,"negative affect"
"2241",2241,"psychosis;symptom"
"2242",2242,""
"2243",2243,""
"2244",2244,"activity;physical health"
"2245",2245,"physical health"
"2246",2246,"stress;physical health"
"2247",2247,"physical health"
"2248",2248,"fatigue;physical health"
"2249",2249,"activity"
"2250",2250,"activity;appraisal"
"2251",2251,"activity;appraisal"
"2252",2252,"activity;appraisal"
"2253",2253,"activity;attention;appraisal"
"2254",2254,"activity;appraisal"
"2255",2255,"location"
"2256",2256,"location"
"2257",2257,"location"
"2258",2258,"location"
"2259",2259,"social context"
"2260",2260,""
"2261",2261,""
"2262",2262,""
"2263",2263,""
"2264",2264,""
"2265",2265,""
"2266",2266,""
"2267",2267,""
"2268",2268,""
"2269",2269,""
"2270",2270,"social interaction"
"2271",2271,"substance use"
"2272",2272,"substance use"
"2273",2273,"event"
"2274",2274,"event;appraisal"
"2275",2275,"event"
"2276",2276,"event;appraisal"
"2277",2277,"event;appraisal"
"2278",2278,"event"
"2279",2279,"event;social context"
"2280",2280,"methodological"
"2281",2281,"anxiety;worry"
"2282",2282,"appraisal"
"2283",2283,"social support"
"2284",2284,""
"2285",2285,"substance use"
"2286",2286,"substance use"
"2287",2287,"substance use"
"2288",2288,"substance use"
"2289",2289,"substance use"
"2290",2290,"substance use"
"2291",2291,"event"
"2292",2292,"sleep"
"2293",2293,"sleep"
"2294",2294,""
"2295",2295,""
"2296",2296,"cognition"
"2297",2297,"cognition;appraisal"
"2298",2298,""
"2299",2299,""
"2300",2300,"attention;cognition"
"2301",2301,"positive affect"
"2302",2302,"positive affect"
"2303",2303,"positive affect"
"2304",2304,"self-esteem"
"2305",2305,"negative affect"
"2306",2306,"anxiety;negative affect"
"2307",2307,"negative affect"
"2308",2308,"negative affect"
"2309",2309,"negative affect"
"2310",2310,"positive affect"
"2311",2311,"positive affect"
"2312",2312,"negative affect"
"2313",2313,"negative affect"
"2314",2314,"arousal"
"2315",2315,""
"2316",2316,""
"2317",2317,"psychosis;symptom"
"2318",2318,""
"2319",2319,""
"2320",2320,""
"2321",2321,""
"2322",2322,""
"2323",2323,"location"
"2324",2324,"activity"
"2325",2325,"activity;appraisal"
"2326",2326,"activity;appraisal"
"2327",2327,"activity;appraisal"
"2328",2328,"activity;appraisal"
"2329",2329,"activity;appraisal"
"2330",2330,"activity;appraisal"
"2331",2331,"social context"
"2332",2332,"social context;appraisal"
"2333",2333,"social context"
"2334",2334,"social context"
"2335",2335,"social context"
"2336",2336,"social context;appraisal"
"2337",2337,"social context"
"2338",2338,"social context;social interaction"
"2339",2339,"physical health"
"2340",2340,"physical health"
"2341",2341,"fatigue;physical health"
"2342",2342,"physical health"
"2343",2343,"substance use"
"2344",2344,"substance use"
"2345",2345,"substance use"
"2346",2346,"event"
"2347",2347,"event;appraisal"
"2348",2348,"methodological"
"2349",2349,"event"
"2350",2350,"methodological"
"2351",2351,"methodological"
"2352",2352,"methodological"
"2353",2353,"methodological"
"2354",2354,""
"2355",2355,"event"
"2356",2356,""
"2357",2357,"event"
"2358",2358,""
"2359",2359,"event"
"2360",2360,"activity"
"2361",2361,"event"
"2362",2362,"sleep"
"2363",2363,"sleep"
"2364",2364,"sleep"
"2365",2365,"sleep"
"2366",2366,"sleep"
"2367",2367,""
"2368",2368,""
"2369",2369,"sleep"
"2370",2370,"cognition"
"2371",2371,"worry"
"2372",2372,"anxiety;negative affect;worry"
"2373",2373,"positive affect"
"2374",2374,"positive affect"
"2375",2375,"positive affect"
"2376",2376,"positive affect"
"2377",2377,"self-esteem"
"2378",2378,"anxiety;negative affect"
"2379",2379,"negative affect"
"2380",2380,"negative affect"
"2381",2381,"depression;negative affect"
"2382",2382,"positive affect;self-esteem"
"2383",2383,"fatigue;physical health"
"2384",2384,"arousal;negative affect"
"2385",2385,"anxiety;worry"
"2386",2386,"social interaction;negative affect"
"2387",2387,"activity;physical health"
"2388",2388,"negative affect"
"2389",2389,"positive affect"
"2390",2390,""
"2391",2391,""
"2392",2392,""
"2393",2393,""
"2394",2394,"activity"
"2395",2395,"activity;appraisal"
"2396",2396,"activity;appraisal"
"2397",2397,"activity;appraisal"
"2398",2398,"activity;appraisal"
"2399",2399,"location"
"2400",2400,"social context"
"2401",2401,"social context"
"2402",2402,""
"2403",2403,"social context"
"2404",2404,"substance use"
"2405",2405,"substance use"
"2406",2406,"event"
"2407",2407,"event;appraisal"
"2408",2408,"event;appraisal"
"2409",2409,"event"
"2410",2410,"event"
"2411",2411,"event"
"2412",2412,"event;appraisal"
"2413",2413,"event;appraisal"
"2414",2414,"methodological"
"2415",2415,"event"
"2416",2416,"event"
"2417",2417,"sleep"
"2418",2418,"methodological"
"2419",2419,"methodological"
"2420",2420,"methodological"
"2421",2421,"methodological"
"2422",2422,"methodological"
"2423",2423,""
"2424",2424,"event"
"2425",2425,""
"2426",2426,"event"
"2427",2427,""
"2428",2428,"event"
"2429",2429,"activity"
"2430",2430,"activity;event"
"2431",2431,"methodological"
"2432",2432,"methodological"
"2433",2433,"stress"
"2434",2434,"stress"
"2435",2435,"event;stress"
"2436",2436,"stress"
"2437",2437,"stress"
"2438",2438,""
"2439",2439,"event;stress"
"2440",2440,"event;stress"
"2441",2441,"event;stress"
"2442",2442,"event;stress"
"2443",2443,"event;stress"
"2444",2444,"event;stress"
"2445",2445,"event;stress"
"2446",2446,"event;stress"
"2447",2447,"event;stress"
"2448",2448,"event;stress"
"2449",2449,"event;stress"
"2450",2450,"event;stress"
"2451",2451,"event;stress"
"2452",2452,"event;stress"
"2453",2453,"event;stress"
"2454",2454,"stress"
"2455",2455,"event;stress"
"2456",2456,"stress"
"2457",2457,"stress;appraisal"
"2458",2458,"appraisal"
"2459",2459,"event;stress;appraisal"
"2460",2460,"stress;appraisal"
"2461",2461,"stress;coping;appraisal"
"2462",2462,"attention;stress;coping;appraisal"
"2463",2463,"stress;coping;appraisal"
"2464",2464,"positive affect;stress;coping;appraisal"
"2465",2465,"stress;coping;appraisal"
"2466",2466,"stress;coping;appraisal"
"2467",2467,"stress;coping;appraisal"
"2468",2468,"stress;coping;appraisal"
"2469",2469,"stress;coping;appraisal"
"2470",2470,"sleep"
"2471",2471,"sleep"
"2472",2472,"sleep"
"2473",2473,"sleep"
"2474",2474,"sleep"
"2475",2475,"sleep"
"2476",2476,"cognition"
"2477",2477,""
"2478",2478,""
"2479",2479,"worry"
"2480",2480,"cognition"
"2481",2481,"positive affect"
"2482",2482,"positive affect"
"2483",2483,"positive affect"
"2484",2484,"positive affect"
"2485",2485,"negative affect;self-esteem"
"2486",2486,"negative affect"
"2487",2487,"anxiety;negative affect"
"2488",2488,"negative affect"
"2489",2489,"negative affect"
"2490",2490,"negative affect"
"2491",2491,"positive affect"
"2492",2492,"negative affect;psychosis"
"2493",2493,"social interaction;negative affect"
"2494",2494,"negative affect"
"2495",2495,"activity"
"2496",2496,"physical health"
"2497",2497,"physical health"
"2498",2498,"positive affect"
"2499",2499,"fatigue;physical health"
"2500",2500,"activity"
"2501",2501,"activity;appraisal"
"2502",2502,"activity;appraisal"
"2503",2503,""
"2504",2504,""
"2505",2505,"activity;appraisal"
"2506",2506,"location"
"2507",2507,"location;appraisal"
"2508",2508,"social context"
"2509",2509,""
"2510",2510,""
"2511",2511,"social context"
"2512",2512,""
"2513",2513,""
"2514",2514,"substance use"
"2515",2515,"substance use"
"2516",2516,"substance use"
"2517",2517,"event"
"2518",2518,"event;appraisal"
"2519",2519,"event"
"2520",2520,"event"
"2521",2521,"event;appraisal"
"2522",2522,"event;appraisal"
"2523",2523,"event;stress;appraisal"
"2524",2524,"event;appraisal"
"2525",2525,"event;appraisal"
"2526",2526,"event;appraisal"
"2527",2527,"event"
"2528",2528,"methodological"
"2529",2529,"event"
"2530",2530,"event"
"2531",2531,"methodological"
"2532",2532,"event;stress"
"2533",2533,"event;appraisal"
"2534",2534,"event;appraisal"
"2535",2535,"event;appraisal"
"2536",2536,"event;appraisal"
"2537",2537,"event;appraisal"
"2538",2538,"event;worry;appraisal"
"2539",2539,"event;appraisal"
"2540",2540,"coping;event"
"2541",2541,"attention;coping;event"
"2542",2542,"coping;event"
"2543",2543,"coping;event"
"2544",2544,"coping;event;worry"
"2545",2545,"coping;event"
"2546",2546,"coping;event"
"2547",2547,"coping;event"
"2548",2548,"coping;event"
"2549",2549,"event"
"2550",2550,"event"
"2551",2551,"event"
"2552",2552,"event"
"2553",2553,"event"
"2554",2554,"event"
"2555",2555,"event"
"2556",2556,"event"
"2557",2557,"event"
"2558",2558,"methodological"
"2559",2559,"methodological"
"2560",2560,"positive affect"
"2561",2561,"fatigue;physical health"
"2562",2562,"negative affect;stress"
"2563",2563,"social context"
"2564",2564,""
"2565",2565,"event"
"2566",2566,""
"2567",2567,"event"
"2568",2568,""
"2569",2569,"event"
"2570",2570,"activity"
"2571",2571,"activity;event"
"2572",2572,"sleep;event"
"2573",2573,"sleep"
"2574",2574,"sleep"
"2575",2575,"sleep"
"2576",2576,"sleep"
"2577",2577,"positive affect"
"2578",2578,"positive affect"
"2579",2579,"positive affect"
"2580",2580,"positive affect"
"2581",2581,"negative affect;self-esteem"
"2582",2582,"negative affect"
"2583",2583,"anxiety;negative affect;worry"
"2584",2584,"negative affect"
"2585",2585,"negative affect"
"2586",2586,"negative affect"
"2587",2587,"negative affect"
"2588",2588,"positive affect"
"2589",2589,"psychosis;symptom"
"2590",2590,""
"2591",2591,""
"2592",2592,""
"2593",2593,""
"2594",2594,"activity;physical health"
"2595",2595,"physical health"
"2596",2596,"positive affect"
"2597",2597,"physical health"
"2598",2598,"fatigue;physical health"
"2599",2599,"self-esteem"
"2600",2600,"positive affect;self-esteem"
"2601",2601,"self-esteem"
"2602",2602,"self-esteem"
"2603",2603,"activity"
"2604",2604,"activity;appraisal"
"2605",2605,"activity;appraisal"
"2606",2606,"activity;appraisal"
"2607",2607,"location"
"2608",2608,"social context"
"2609",2609,""
"2610",2610,""
"2611",2611,""
"2612",2612,""
"2613",2613,""
"2614",2614,""
"2615",2615,""
"2616",2616,""
"2617",2617,"substance use"
"2618",2618,"substance use"
"2619",2619,"event"
"2620",2620,"event;appraisal"
"2621",2621,"event;appraisal"
"2622",2622,"event;appraisal"
"2623",2623,"event;location;appraisal"
"2624",2624,"event;appraisal"
"2625",2625,"event;appraisal"
"2626",2626,"event;appraisal"
"2627",2627,"event;worry;appraisal"
"2628",2628,"methodological"
"2629",2629,"methodological"
"2630",2630,"methodological"
"2631",2631,"positive affect"
"2632",2632,"cognition"
"2633",2633,"event"
"2634",2634,"event"
"2635",2635,"event;location"
"2636",2636,"event;social context"
"2637",2637,"event;appraisal"
"2638",2638,"event;appraisal"
"2639",2639,"event;appraisal"
"2640",2640,"event;appraisal"
"2641",2641,"event;appraisal"
"2642",2642,"event;appraisal"
"2643",2643,"coping;event;appraisal"
"2644",2644,"coping;event;appraisal"
"2645",2645,"coping;event;appraisal"
"2646",2646,"coping;event;appraisal"
"2647",2647,"coping;event;appraisal"
"2648",2648,"coping;event;appraisal"
"2649",2649,"coping;event;appraisal"
"2650",2650,"positive affect"
"2651",2651,"negative affect"
"2652",2652,"anxiety;negative affect"
"2653",2653,"positive affect"
"2654",2654,"self-esteem"
"2655",2655,"positive affect"
"2656",2656,"negative affect"
"2657",2657,"negative affect;stress"
"2658",2658,"social interaction"
"2659",2659,"social context"
"2660",2660,"social interaction"
"2661",2661,"positive affect;social context;appraisal"
"2662",2662,""
"2663",2663,""
"2664",2664,""
"2665",2665,""
"2666",2666,"activity"
"2667",2667,""
"2668",2668,""
"2669",2669,""
"2670",2670,"appraisal;event"
"2671",2671,"appraisal;event"
"2672",2672,"appraisal;event"
"2673",2673,"appraisal"
"2674",2674,"pleasure;appraisal"
"2675",2675,"pleasure;appraisal"
"2676",2676,"sleep"
"2677",2677,"sleep"
"2678",2678,"sleep"
"2679",2679,"sleep"
"2680",2680,"appraisal"
"2681",2681,"appraisal"
"2682",2682,"activity"
"2683",2683,"event;stress"
"2684",2684,"coping;event;self-esteem;stress"
"2685",2685,"event;pleasure"
"2686",2686,"pleasure"
"2687",2687,"sleep"
"2688",2688,"sleep"
"2689",2689,"event"
"2690",2690,"event;appraisal"
"2691",2691,"event;appraisal"
"2692",2692,"event;appraisal"
"2693",2693,"event;appraisal"
"2694",2694,"positive affect"
"2695",2695,"negative affect"
"2696",2696,"anxiety;negative affect"
"2697",2697,"positive affect"
"2698",2698,"negative affect;self-esteem"
"2699",2699,"negative affect"
"2700",2700,"positive affect"
"2701",2701,"negative affect;psychosis"
"2702",2702,"negative affect"
"2703",2703,"negative affect"
"2704",2704,"negative affect;stress"
"2705",2705,"negative affect"
"2706",2706,"positive affect"
"2707",2707,"positive affect;self-esteem"
"2708",2708,"negative affect"
"2709",2709,"negative affect"
"2710",2710,"negative affect"
"2711",2711,"social context"
"2712",2712,""
"2713",2713,""
"2714",2714,""
"2715",2715,""
"2716",2716,"social interaction"
"2717",2717,""
"2718",2718,"social support"
"2719",2719,""
"2720",2720,""
"2721",2721,"activity"
"2722",2722,"location"
"2723",2723,"social interaction"
"2724",2724,"social context"
"2725",2725,""
"2726",2726,""
"2727",2727,""
"2728",2728,""
"2729",2729,""
"2730",2730,""
"2731",2731,""
"2732",2732,"physical health"
"2733",2733,"self-harm"
"2734",2734,"self-harm;suicidality"
"2735",2735,"self-harm"
"2736",2736,"physical health;self-harm"
"2737",2737,"substance use"
"2738",2738,"methodological"
"2739",2739,"event"
"2740",2740,"event;appraisal"
"2741",2741,"event;appraisal"
"2742",2742,"event"
"2743",2743,"event;appraisal"
"2744",2744,"event;appraisal"
"2745",2745,"anxiety;negative affect"
"2746",2746,"negative affect;stress"
"2747",2747,"negative affect"
"2748",2748,"negative affect"
"2749",2749,"negative affect;self-esteem"
"2750",2750,"positive affect"
"2751",2751,"positive affect"
"2752",2752,"negative affect"
"2753",2753,"negative affect"
"2754",2754,"emotion regulation"
"2755",2755,"rumination;emotion regulation"
"2756",2756,"self-esteem"
"2757",2757,""
"2758",2758,"body image;self-esteem"
"2759",2759,"body image"
"2760",2760,"identity"
"2761",2761,"identity"
"2762",2762,"location"
"2763",2763,"activity"
"2764",2764,"activity"
"2765",2765,"activity;appraisal"
"2766",2766,"social context"
"2767",2767,"social context"
"2768",2768,"social context"
"2769",2769,"social context;appraisal"
"2770",2770,"social context;appraisal"
"2771",2771,"social context;appraisal"
"2772",2772,"self-harm"
"2773",2773,"self-harm"
"2774",2774,"self-harm"
"2775",2775,"self-harm"
"2776",2776,"self-harm"
"2777",2777,"self-harm"
"2778",2778,""
"2779",2779,"symptom"
"2780",2780,"symptom"
"2781",2781,"symptom"
"2782",2782,"symptom"
"2783",2783,"symptom"
"2784",2784,"symptom"
"2785",2785,"symptom;event"
"2786",2786,"symptom"
"2787",2787,"symptom"
"2788",2788,"symptom"
"2789",2789,"symptom"
"2790",2790,"symptom"
"2791",2791,"suicidality"
"2792",2792,"suicidality"
"2793",2793,"self-harm;suicidality"
"2794",2794,"self-harm;suicidality"
"2795",2795,""
"2796",2796,"substance use;symptom"
"2797",2797,"substance use;symptom"
"2798",2798,"substance use;symptom"
"2799",2799,"substance use;symptom"
"2800",2800,"substance use;symptom"
"2801",2801,"substance use;symptom"
"2802",2802,"substance use;symptom"
"2803",2803,"substance use;symptom"
"2804",2804,"methodological"
"2805",2805,""
"2806",2806,"emotion regulation"
"2807",2807,""
"2808",2808,"emotion regulation;appraisal"
"2809",2809,"emotion regulation"
"2810",2810,"emotion regulation;appraisal"
"2811",2811,"emotion regulation"
"2812",2812,""
"2813",2813,"emotion regulation"
"2814",2814,"emotion regulation"
"2815",2815,"emotion regulation;avoidance"
"2816",2816,"emotion regulation"
"2817",2817,""
"2818",2818,""
"2819",2819,""
"2820",2820,""
"2821",2821,""
"2822",2822,""
"2823",2823,""
"2824",2824,""
"2825",2825,""
"2826",2826,""
"2827",2827,""
"2828",2828,""
"2829",2829,""
"2830",2830,""
"2831",2831,""
"2832",2832,""
"2833",2833,""
"2834",2834,"activity;coping"
"2835",2835,"activity"
"2836",2836,"activity"
"2837",2837,"activity"
"2838",2838,"activity"
"2839",2839,"activity"
"2840",2840,"activity"
"2841",2841,"activity"
"2842",2842,"activity"
"2843",2843,"activity"
"2844",2844,"activity"
"2845",2845,"activity"
"2846",2846,"activity"
"2847",2847,"activity"
"2848",2848,"activity"
"2849",2849,"activity"
"2850",2850,"activity"
"2851",2851,"activity"
"2852",2852,"activity"
"2853",2853,"activity"
"2854",2854,"activity"
"2855",2855,"activity"
"2856",2856,"activity;motivation"
"2857",2857,"activity"
"2858",2858,"activity"
"2859",2859,"activity"
"2860",2860,"activity"
"2861",2861,"activity"
"2862",2862,""
"2863",2863,""
"2864",2864,""
"2865",2865,""
"2866",2866,""
"2867",2867,""
"2868",2868,""
"2869",2869,""
"2870",2870,""
"2871",2871,""
"2872",2872,""
"2873",2873,""
"2874",2874,""
"2875",2875,""
"2876",2876,""
"2877",2877,""
"2878",2878,""
"2879",2879,""
"2880",2880,""
"2881",2881,""
"2882",2882,""
"2883",2883,""
"2884",2884,""
"2885",2885,""
"2886",2886,""
"2887",2887,""
"2888",2888,""
"2889",2889,""
"2890",2890,"physical health"
"2891",2891,"physical health"
"2892",2892,"physical health"
"2893",2893,"physical health"
"2894",2894,"physical health"
"2895",2895,"physical health"
"2896",2896,"physical health;coping"
"2897",2897,"physical health"
"2898",2898,"physical health"
"2899",2899,"physical health"
"2900",2900,"physical health"
"2901",2901,"physical health"
"2902",2902,"physical health"
"2903",2903,"physical health"
"2904",2904,"physical health"
"2905",2905,"physical health"
"2906",2906,"physical health"
"2907",2907,"physical health"
"2908",2908,"physical health;coping"
"2909",2909,"physical health"
"2910",2910,"physical health"
"2911",2911,"physical health"
"2912",2912,"physical health"
"2913",2913,"physical health"
"2914",2914,"physical health"
"2915",2915,"physical health"
"2916",2916,"physical health"
"2917",2917,"physical health"
"2918",2918,""
"2919",2919,"event;rumination"
"2920",2920,"social interaction;appraisal"
"2921",2921,"negative affect"
"2922",2922,"negative affect"
"2923",2923,"self-esteem"
"2924",2924,"anxiety;worry"
"2925",2925,""
"2926",2926,"positive affect"
"2927",2927,"sleep"
"2928",2928,"sleep"
"2929",2929,"fatigue"
"2930",2930,"positive affect;negative affect"
"2931",2931,"positive affect;anxiety"
"2932",2932,"arousal"
"2933",2933,""
"2934",2934,"stress"
"2935",2935,"positive affect"
"2936",2936,"positive affect"
"2937",2937,"anxiety"
"2938",2938,"anxiety;worry"
"2939",2939,"negative affect"
"2940",2940,"negative affect"
"2941",2941,""
"2942",2942,""
"2943",2943,"negative affect"
"2944",2944,""
"2945",2945,"depression"
"2946",2946,"depression"
"2947",2947,"self-esteem;suicidality"
"2948",2948,"suicidality"
"2949",2949,"suicidality"
"2950",2950,"suicidality"
"2951",2951,"activity"
"2952",2952,"social context"
"2953",2953,"social context"
"2954",2954,"social context"
"2955",2955,""
"2956",2956,""
"2957",2957,"substance use"
"2958",2958,""
"2959",2959,"suicidality"
"2960",2960,"suicidality"
"2961",2961,"suicidality"
"2962",2962,""
"2963",2963,"event"
"2964",2964,"event"
"2965",2965,""
"2966",2966,""
"2967",2967,""
"2968",2968,""
"2969",2969,"symptom"
"2970",2970,"symptom"
"2971",2971,"symptom;emotion regulation"
"2972",2972,"symptom"
"2973",2973,"symptom"
"2974",2974,"symptom"
"2975",2975,"anxiety"
"2976",2976,"anxiety"
"2977",2977,"stress;event"
"2978",2978,"stress;event"
"2979",2979,"anxiety;event"
"2980",2980,"anxiety;event"
"2981",2981,"anxiety;event"
"2982",2982,"coping"
"2983",2983,"coping"
"2984",2984,"coping"
"2985",2985,"anxiety;coping"
"2986",2986,"anxiety;coping"
"2987",2987,"anxiety;coping"
"2988",2988,"stress"
"2989",2989,""
"2990",2990,""
"2991",2991,""
"2992",2992,""
"2993",2993,""
"2994",2994,""
"2995",2995,"stress"
"2996",2996,"self-harm"
"2997",2997,"negative affect"
"2998",2998,"anxiety;negative affect"
"2999",2999,"negative affect"
"3000",3000,"attention;rumination"
"3001",3001,"attention;rumination;coping"
"3002",3002,"event"
"3003",3003,"event"
"3004",3004,"event;negative affect"
"3005",3005,"anxiety;event;negative affect"
"3006",3006,"event;negative affect"
"3007",3007,"negative affect"
"3008",3008,"negative affect"
"3009",3009,"negative affect"
"3010",3010,"negative affect"
"3011",3011,"arousal;positive affect"
"3012",3012,"positive affect"
"3013",3013,"positive affect"
"3014",3014,"positive affect"
"3015",3015,"depression"
"3016",3016,"depression"
"3017",3017,"depression"
"3018",3018,"depression"
"3019",3019,"anxiety"
"3020",3020,"anxiety"
"3021",3021,"anxiety"
"3022",3022,"anxiety;worry"
"3023",3023,"physical health"
"3024",3024,"physical health"
"3025",3025,"physical health"
"3026",3026,"physical health"
"3027",3027,"anxiety;worry"
"3028",3028,"stress;worry"
"3029",3029,"anxiety;worry"
"3030",3030,"anxiety;worry"
"3031",3031,"sleep"
"3032",3032,"sleep"
"3033",3033,"sleep"
"3034",3034,"fatigue;sleep"
"3035",3035,"sleep"
"3036",3036,"sleep"
"3037",3037,"sleep"
"3038",3038,"sleep"
"3039",3039,"sleep"
"3040",3040,"sleep"
"3041",3041,"sleep"
"3042",3042,"sleep"
"3043",3043,"sleep"
"3044",3044,"sleep"
"3045",3045,"sleep"
"3046",3046,""
"3047",3047,""
"3048",3048,""
"3049",3049,""
"3050",3050,"positive affect"
"3051",3051,"arousal;positive affect"
"3052",3052,"positive affect"
"3053",3053,"positive affect"
"3054",3054,"positive affect"
"3055",3055,"arousal;positive affect"
"3056",3056,"positive affect"
"3057",3057,"positive affect"
"3058",3058,"positive affect"
"3059",3059,"positive affect"
"3060",3060,"anxiety;negative affect;stress"
"3061",3061,"negative affect"
"3062",3062,"negative affect"
"3063",3063,"negative affect"
"3064",3064,"negative affect"
"3065",3065,"negative affect"
"3066",3066,"negative affect"
"3067",3067,"anxiety;negative affect;worry"
"3068",3068,"negative affect"
"3069",3069,"negative affect"
"3070",3070,"positive affect"
"3071",3071,"positive affect"
"3072",3072,""
"3073",3073,"appraisal"
"3074",3074,"stress"
"3075",3075,"negative affect"
"3076",3076,"anxiety;negative affect"
"3077",3077,"negative affect"
"3078",3078,"negative affect"
"3079",3079,"cognition"
"3080",3080,"cognition"
"3081",3081,"self-esteem"
"3082",3082,""
"3083",3083,"negative affect"
"3084",3084,"negative affect"
"3085",3085,""
"3086",3086,"activity;appraisal"
"3087",3087,"social context"
"3088",3088,""
"3089",3089,""
"3090",3090,"social support"
"3091",3091,"social support"
"3092",3092,""
"3093",3093,"activity"
"3094",3094,""
"3095",3095,""
"3096",3096,""
"3097",3097,""
"3098",3098,""
"3099",3099,""
"3100",3100,""
"3101",3101,"negative affect"
"3102",3102,"stress"
"3103",3103,"activity;appraisal"
"3104",3104,"appraisal;event"
"3105",3105,"appraisal;event"
"3106",3106,""
"3107",3107,"attention;cognition"
"3108",3108,"activity"
"3109",3109,"activity;appraisal"
"3110",3110,"activity;appraisal"
"3111",3111,"activity;appraisal"
"3112",3112,"self-esteem"
"3113",3113,"self-esteem"
"3114",3114,"self-esteem"
"3115",3115,"positive affect"
"3116",3116,"positive affect"
"3117",3117,"positive affect"
"3118",3118,"anxiety;worry"
"3119",3119,"positive affect"
"3120",3120,"negative affect"
"3121",3121,"negative affect"
"3122",3122,"negative affect"
"3123",3123,"anxiety;negative affect;worry"
"3124",3124,"negative affect"
"3125",3125,"negative affect"
"3126",3126,"negative affect"
"3127",3127,"depression"
"3128",3128,""
"3129",3129,""
"3130",3130,""
"3131",3131,""
"3132",3132,""
"3133",3133,""
"3134",3134,""
"3135",3135,""
"3136",3136,""
"3137",3137,""
"3138",3138,""
"3139",3139,""
"3140",3140,""
"3141",3141,""
"3142",3142,""
"3143",3143,""
"3144",3144,""
"3145",3145,""
"3146",3146,""
"3147",3147,""
"3148",3148,""
"3149",3149,""
"3150",3150,""
"3151",3151,"anxiety;negative affect"
"3152",3152,"anxiety;negative affect"
"3153",3153,"depression"
"3154",3154,"depression"
"3155",3155,"pleasure"
"3156",3156,"anxiety;worry"
"3157",3157,"negative affect;rumination"
"3158",3158,"rumination"
"3159",3159,"anxiety"
"3160",3160,"anxiety"
"3161",3161,"anxiety"
"3162",3162,"social support"
"3163",3163,"social support"
"3164",3164,"social support"
"3165",3165,""
"3166",3166,""
"3167",3167,""
"3168",3168,""
"3169",3169,"cognition"
"3170",3170,"cognition"
"3171",3171,"cognition"
"3172",3172,"negative affect;positive affect"
"3173",3173,"attention"
"3174",3174,"attention;fatigue;sleep"
"3175",3175,"attention"
"3176",3176,"attention;stress"
"3177",3177,"positive affect"
"3178",3178,"negative affect"
"3179",3179,"negative affect"
"3180",3180,"positive affect"
"3181",3181,"positive affect"
"3182",3182,"anxiety;negative affect;worry"
"3183",3183,"positive affect"
"3184",3184,"negative affect"
"3185",3185,"negative affect;self-esteem"
"3186",3186,"negative affect"
"3187",3187,"negative affect"
"3188",3188,"activity"
"3189",3189,"activity;pleasure;appraisal"
"3190",3190,"social context"
"3191",3191,"pleasure;social context;appraisal"
"3192",3192,"pleasure;social context;appraisal"
"3193",3193,""
"3194",3194,""
"3195",3195,"social context"
"3196",3196,"pleasure;social context;appraisal"
"3197",3197,"pleasure;social context;appraisal"
"3198",3198,"activity;appraisal"
"3199",3199,"activity;appraisal"
"3200",3200,"activity;appraisal"
"3201",3201,"event"
"3202",3202,"activity;pleasure;appraisal"
"3203",3203,"activity;appraisal"
"3204",3204,"event;pleasure;appraisal"
"3205",3205,"event;pleasure;appraisal"
"3206",3206,"methodological"
"3207",3207,"physical health"
"3208",3208,"physical health"
"3209",3209,"negative affect;stress"
"3210",3210,"rumination"
"3211",3211,""
"3212",3212,""
"3213",3213,""
"3214",3214,"physical health"
"3215",3215,""
"3216",3216,"anxiety;negative affect;stress;worry"
"3217",3217,""
"3218",3218,"arousal;positive affect"
"3219",3219,""
"3220",3220,"physical health"
"3221",3221,"physical health"
"3222",3222,"physical health"
"3223",3223,"fatigue"
"3224",3224,"physical health"
"3225",3225,"physical health"
"3226",3226,"physical health"
"3227",3227,"physical health"
"3228",3228,"physical health"
"3229",3229,"physical health"
"3230",3230,"physical health"
"3231",3231,"physical health"
"3232",3232,"physical health"
"3233",3233,"physical health"
"3234",3234,"physical health"
"3235",3235,"physical health"
"3236",3236,"physical health"
"3237",3237,"physical health"
"3238",3238,"physical health"
"3239",3239,"cognition"
"3240",3240,"cognition"
"3241",3241,"methodological"
"3242",3242,"sleep"
"3243",3243,"sleep"
"3244",3244,""
"3245",3245,""
"3246",3246,""
"3247",3247,"location"
"3248",3248,"activity"
"3249",3249,""
"3250",3250,""
"3251",3251,"sleep"
"3252",3252,"activity;physical health"
"3253",3253,"activity"
"3254",3254,"social context"
"3255",3255,"avoidance"
"3256",3256,"symptom;coping"
"3257",3257,"coping"
"3258",3258,""
"3259",3259,"stress"
"3260",3260,"symptom;worry"
"3261",3261,"worry"
"3262",3262,"cognition;worry"
"3263",3263,"positive affect"
"3264",3264,"positive affect"
"3265",3265,"positive affect"
"3266",3266,"positive affect"
"3267",3267,"positive affect;self-esteem"
"3268",3268,"positive affect"
"3269",3269,"positive affect"
"3270",3270,"positive affect"
"3271",3271,"positive affect"
"3272",3272,"positive affect"
"3273",3273,"negative affect"
"3274",3274,"negative affect"
"3275",3275,"negative affect"
"3276",3276,"negative affect"
"3277",3277,"anxiety;negative affect;symptom"
"3278",3278,"negative affect"
"3279",3279,"negative affect"
"3280",3280,"negative affect"
"3281",3281,"negative affect;stress"
"3282",3282,"anxiety;negative affect;worry;stress"
"3283",3283,"negative affect"
"3284",3284,"negative affect"
"3285",3285,""
"3286",3286,""
"3287",3287,"stress;event"
"3288",3288,"rumination"
"3289",3289,"social interaction;appraisal"
"3290",3290,"negative affect"
"3291",3291,"depression"
"3292",3292,"self-esteem"
"3293",3293,"anxiety;worry"
"3294",3294,"positive affect"
"3295",3295,"positive affect"
"3296",3296,"depression"
"3297",3297,"positive affect;self-esteem"
"3298",3298,"stress"
"3299",3299,"negative affect"
"3300",3300,"anxiety;negative affect"
"3301",3301,"negative affect"
"3302",3302,"negative affect"
"3303",3303,"appraisal;cognition;emotion regulation;coping"
"3304",3304,""
"3305",3305,"activity;attention;emotion regulation;coping"
"3306",3306,""
"3307",3307,""
"3308",3308,"rumination;emotion regulation;coping"
"3309",3309,"rumination"
"3310",3310,"depression"
"3311",3311,"positive affect"
"3312",3312,"negative affect"
"3313",3313,"anxiety;negative affect"
"3314",3314,"negative affect"
"3315",3315,"negative affect"
"3316",3316,"rumination;emotion regulation"
"3317",3317,"rumination"
